{"type":"FeatureCollection","features":[{"type":"Feature","properties":{"iso3":"KEN","name":"Kenya","region_name":"kenya","level":"country","country":"Kenya","source":"Kenya National Spatial Data Infrastructure (KNSDI) county boundaries, user-supplied 'Kenya_Counties_KNSDI.shp' (WGS84 lon/lat); simplified to ~100 m","area_km2":591531.7},"geometry":{"type":"MultiPolygon","coordinates":[[[[35.7537,-1.9642],[35.7494,-1.9617],[35.7257,-1.9485],[35.6909,-1.9289],[35.667,-1.9155],[35.6187,-1.8881],[35.6062,-1.8812],[35.5942,-1.8743],[35.5546,-1.8518],[35.4959,-1.8181],[35.4723,-1.805],[35.4605,-1.7983],[35.4385,-1.786],[35.4361,-1.7849],[35.4179,-1.775],[35.3983,-1.7641],[35.3762,-1.7515],[35.3639,-1.7446],[35.3214,-1.7204],[35.3076,-1.7127],[35.2656,-1.6887],[35.2467,-1.6798],[35.1984,-1.6524],[35.1892,-1.6474],[35.1752,-1.6393],[35.1617,-1.6317],[35.0834,-1.5867],[35.0461,-1.5654],[35.0232,-1.5522],[35.0164,-1.5485],[34.9341,-1.502],[34.9244,-1.4968],[34.9145,-1.4911],[34.9031,-1.4847],[34.876,-1.4693],[34.8457,-1.4522],[34.8266,-1.4412],[34.7993,-1.4258],[34.7671,-1.4074],[34.7308,-1.3869],[34.702,-1.3705],[34.6558,-1.3443],[34.639,-1.335],[34.6306,-1.3302],[34.6168,-1.3225],[34.5544,-1.2875],[34.5468,-1.2831],[34.5142,-1.2646],[34.4678,-1.2384],[34.4577,-1.2324],[34.4462,-1.2261],[34.4251,-1.2141],[34.3856,-1.1917],[34.3753,-1.1857],[34.274,-1.1287],[34.2488,-1.1144],[34.2271,-1.1022],[34.1919,-1.0821],[34.1753,-1.0729],[34.1647,-1.0667],[34.1349,-1.0499],[34.125,-1.0444],[34.1152,-1.0391],[34.1025,-1.032],[34.0809,-1.0198],[34.0784,-1.0195],[34.0471,-1.0429],[34.044,-1.044],[34.0374,-1.0431],[34.0346,-1.0414],[34.0308,-1.0372],[34.0283,-1.0325],[34.0276,-1.028],[34.0279,-1.018],[34.0278,-1.013],[34.0266,-1.0096],[34.0225,-1.005],[34.0188,-1.0014],[34.0164,-1.0],[33.9388,-1.0002],[33.934,-1.0001],[33.9259,-0.8048],[33.9245,-0.7503],[33.9244,-0.7428],[33.924,-0.7376],[33.9228,-0.729],[33.9224,-0.7111],[33.9211,-0.6705],[33.919,-0.6277],[33.9185,-0.5941],[33.917,-0.5678],[33.9201,-0.5521],[33.9218,-0.519],[33.9227,-0.496],[33.9242,-0.4778],[33.9243,-0.4659],[33.9296,-0.4354],[33.9324,-0.4185],[33.9479,-0.3381],[33.9831,-0.1288],[33.9493,-0.0265],[33.9126,0.0995],[33.9098,0.1017],[33.9106,0.1036],[33.9101,0.1065],[33.9131,0.1112],[34.0061,0.2361],[34.0075,0.2387],[34.0098,0.2408],[34.0105,0.2439],[34.012,0.2461],[34.0134,0.2463],[34.013,0.2495],[34.0145,0.2499],[34.0152,0.2516],[34.0189,0.2549],[34.0213,0.2558],[34.0215,0.2594],[34.0204,0.2624],[34.0229,0.2636],[34.024,0.2675],[34.0231,0.2696],[34.025,0.2689],[34.0247,0.2706],[34.0265,0.2697],[34.0272,0.2712],[34.0285,0.2699],[34.0312,0.2714],[34.0367,0.2732],[34.0377,0.2758],[34.0403,0.2765],[34.0417,0.2791],[34.0381,0.2821],[34.0391,0.2834],[34.0406,0.2829],[34.0397,0.2865],[34.0414,0.2878],[34.0405,0.2896],[34.0416,0.2923],[34.0402,0.2944],[34.0408,0.2951],[34.043,0.2929],[34.0465,0.295],[34.0474,0.2944],[34.0486,0.2962],[34.0477,0.2971],[34.0497,0.2975],[34.0496,0.2998],[34.0486,0.3007],[34.0488,0.3051],[34.0515,0.3067],[34.0505,0.3085],[34.0518,0.3083],[34.057,0.3118],[34.0596,0.3127],[34.059,0.3154],[34.0582,0.3152],[34.0566,0.3247],[34.0594,0.3237],[34.0612,0.3245],[34.0611,0.3255],[34.0637,0.3254],[34.0675,0.326],[34.0699,0.325],[34.0726,0.326],[34.0741,0.3296],[34.0767,0.3302],[34.0779,0.3315],[34.0803,0.3312],[34.081,0.3338],[34.0796,0.3347],[34.081,0.3372],[34.0835,0.3366],[34.0847,0.3397],[34.0879,0.3411],[34.0905,0.3457],[34.0937,0.3458],[34.0943,0.3469],[34.0985,0.3497],[34.0969,0.355],[34.0995,0.3593],[34.1021,0.362],[34.1026,0.3643],[34.1064,0.3667],[34.1076,0.3699],[34.108,0.3744],[34.1075,0.3802],[34.1054,0.3897],[34.1051,0.3927],[34.1035,0.3988],[34.1005,0.4042],[34.0993,0.4141],[34.0982,0.4163],[34.0942,0.4194],[34.091,0.4229],[34.0886,0.4278],[34.0892,0.4346],[34.0889,0.4387],[34.0903,0.4417],[34.0908,0.4446],[34.0899,0.4479],[34.0901,0.4515],[34.0887,0.4542],[34.0885,0.4572],[34.0923,0.4613],[34.093,0.4632],[34.0951,0.4646],[34.0978,0.4675],[34.1048,0.4721],[34.1107,0.4786],[34.1163,0.4819],[34.1191,0.484],[34.1179,0.4873],[34.1174,0.4934],[34.1183,0.4984],[34.1175,0.5059],[34.1177,0.5089],[34.1168,0.5115],[34.1208,0.516],[34.1223,0.5167],[34.1222,0.52],[34.1188,0.5215],[34.1186,0.5224],[34.1161,0.5235],[34.1262,0.5398],[34.1272,0.5578],[34.1274,0.5591],[34.1376,0.586],[34.1402,0.5838],[34.1438,0.5841],[34.1449,0.5866],[34.1455,0.5855],[34.1481,0.5863],[34.1478,0.5878],[34.1502,0.5876],[34.1515,0.5886],[34.1528,0.5875],[34.1544,0.5916],[34.1565,0.5926],[34.1572,0.5944],[34.16,0.596],[34.1618,0.5993],[34.1644,0.5995],[34.1663,0.6028],[34.1708,0.6031],[34.1729,0.6058],[34.1744,0.6055],[34.1737,0.6072],[34.1749,0.6088],[34.176,0.6082],[34.1779,0.6098],[34.1805,0.6076],[34.1828,0.6081],[34.1835,0.6069],[34.186,0.6071],[34.187,0.6099],[34.1846,0.6123],[34.1854,0.6138],[34.188,0.614],[34.1906,0.6161],[34.1912,0.6174],[34.1899,0.6188],[34.1917,0.6186],[34.1911,0.6215],[34.1916,0.6232],[34.1932,0.6212],[34.1963,0.621],[34.1951,0.6229],[34.1976,0.6276],[34.1985,0.627],[34.2002,0.6288],[34.2005,0.6271],[34.2018,0.6279],[34.2022,0.6254],[34.2049,0.6248],[34.2075,0.6287],[34.2075,0.6277],[34.2131,0.6255],[34.2139,0.6265],[34.216,0.6248],[34.2171,0.6297],[34.2186,0.6305],[34.2204,0.6332],[34.2218,0.632],[34.2243,0.6322],[34.2274,0.6302],[34.2291,0.628],[34.2331,0.6308],[34.2346,0.6288],[34.2357,0.6286],[34.2376,0.6308],[34.2394,0.6311],[34.2407,0.6356],[34.2428,0.635],[34.2473,0.6321],[34.2501,0.6315],[34.2527,0.6336],[34.2569,0.6355],[34.2569,0.6367],[34.2604,0.638],[34.2605,0.6395],[34.2652,0.6407],[34.2669,0.6396],[34.2676,0.6417],[34.2689,0.6423],[34.2713,0.6408],[34.27,0.6427],[34.2716,0.6439],[34.2719,0.6422],[34.2731,0.6429],[34.2763,0.6428],[34.2773,0.6463],[34.2787,0.6485],[34.2777,0.6494],[34.2787,0.6516],[34.2774,0.6545],[34.2784,0.6568],[34.2762,0.6587],[34.2787,0.66],[34.2773,0.6624],[34.2775,0.6639],[34.2794,0.6644],[34.2794,0.6665],[34.2806,0.6666],[34.2803,0.6689],[34.2788,0.6701],[34.2791,0.6717],[34.2773,0.6741],[34.2782,0.6752],[34.2767,0.6778],[34.2778,0.6823],[34.2809,0.6828],[34.2829,0.6849],[34.2849,0.6828],[34.2887,0.6843],[34.2885,0.6859],[34.2923,0.6864],[34.2933,0.6885],[34.2954,0.6877],[34.2937,0.69],[34.2947,0.691],[34.297,0.6905],[34.2985,0.694],[34.3003,0.6928],[34.3033,0.6939],[34.3036,0.6963],[34.3057,0.6975],[34.3121,0.6972],[34.3111,0.6994],[34.3123,0.7012],[34.3124,0.7032],[34.3108,0.7061],[34.3079,0.7087],[34.3092,0.7095],[34.3084,0.712],[34.309,0.7147],[34.3069,0.7203],[34.3067,0.7241],[34.3087,0.728],[34.3084,0.7301],[34.3069,0.7317],[34.3074,0.7351],[34.3087,0.7371],[34.3087,0.7396],[34.3095,0.7404],[34.3088,0.7423],[34.3096,0.7459],[34.3109,0.7487],[34.3098,0.75],[34.3107,0.7539],[34.312,0.7566],[34.3131,0.7564],[34.3128,0.7587],[34.3143,0.7608],[34.3133,0.7621],[34.314,0.7639],[34.3165,0.7659],[34.3173,0.7652],[34.3188,0.7678],[34.3204,0.7676],[34.3221,0.7662],[34.3238,0.7683],[34.3279,0.7692],[34.3319,0.7686],[34.3327,0.7696],[34.3342,0.7688],[34.3371,0.7705],[34.3371,0.7719],[34.3413,0.7717],[34.3434,0.7726],[34.3455,0.7748],[34.3475,0.7745],[34.3495,0.7753],[34.3496,0.7742],[34.3517,0.775],[34.3543,0.7744],[34.3542,0.7766],[34.3574,0.7773],[34.3584,0.7789],[34.3619,0.7772],[34.3623,0.7796],[34.3645,0.7822],[34.3672,0.7811],[34.3684,0.7833],[34.3711,0.7846],[34.3727,0.7879],[34.3719,0.7909],[34.3742,0.7914],[34.3759,0.794],[34.3762,0.7966],[34.379,0.7981],[34.3791,0.7964],[34.3806,0.7938],[34.3834,0.7935],[34.3838,0.7982],[34.3833,0.8015],[34.3847,0.8039],[34.3914,0.8058],[34.3914,0.8042],[34.3935,0.8043],[34.3948,0.8028],[34.3984,0.8041],[34.4016,0.8066],[34.4047,0.808],[34.4085,0.8089],[34.4131,0.8108],[34.4137,0.8123],[34.4124,0.8146],[34.4101,0.8164],[34.4109,0.818],[34.4127,0.8187],[34.4135,0.8203],[34.4128,0.8217],[34.4098,0.8231],[34.4085,0.8245],[34.4079,0.8287],[34.406,0.8282],[34.4061,0.8297],[34.4077,0.8303],[34.409,0.8332],[34.415,0.8357],[34.413,0.8372],[34.4146,0.8409],[34.4142,0.8434],[34.4165,0.8427],[34.4173,0.8445],[34.4205,0.8479],[34.4204,0.8507],[34.425,0.8539],[34.4279,0.8545],[34.4309,0.8559],[34.4329,0.8555],[34.436,0.8572],[34.4407,0.8582],[34.443,0.8594],[34.4439,0.8625],[34.4463,0.8642],[34.4472,0.8703],[34.446,0.8768],[34.4474,0.8817],[34.4508,0.8878],[34.4518,0.8913],[34.4519,0.8947],[34.4499,0.8995],[34.4517,0.9025],[34.4557,0.9034],[34.4578,0.9062],[34.4581,0.9081],[34.4615,0.911],[34.4643,0.9123],[34.4661,0.9171],[34.4673,0.9177],[34.4707,0.9225],[34.4712,0.9255],[34.4749,0.9317],[34.4762,0.9351],[34.4786,0.9383],[34.4793,0.9411],[34.4792,0.9463],[34.4801,0.9484],[34.48,0.9515],[34.482,0.9557],[34.4822,0.9612],[34.4844,0.9665],[34.4846,0.9689],[34.4859,0.9701],[34.4855,0.9718],[34.4871,0.9746],[34.4881,0.981],[34.4889,0.9827],[34.4875,0.9904],[34.4875,0.997],[34.4883,0.9986],[34.4867,1.0005],[34.4879,1.0035],[34.4877,1.0089],[34.489,1.0145],[34.4887,1.0168],[34.4899,1.0201],[34.4901,1.0254],[34.491,1.0282],[34.491,1.0317],[34.4924,1.0359],[34.4922,1.0385],[34.4934,1.0436],[34.4965,1.0504],[34.4974,1.0549],[34.4993,1.0571],[34.4998,1.0588],[34.4987,1.0609],[34.4994,1.063],[34.5019,1.0665],[34.5029,1.071],[34.5053,1.0732],[34.5081,1.0775],[34.511,1.079],[34.5134,1.0813],[34.5178,1.0891],[34.5185,1.0943],[34.5205,1.0997],[34.5225,1.1024],[34.526,1.104],[34.5264,1.1068],[34.5305,1.1065],[34.5743,1.102],[34.5786,1.1464],[34.5789,1.1502],[34.5794,1.1503],[34.5837,1.1516],[34.5888,1.1521],[34.5935,1.1537],[34.5976,1.1556],[34.6037,1.1567],[34.6058,1.1579],[34.6086,1.1581],[34.6113,1.1591],[34.616,1.1628],[34.6169,1.1644],[34.6214,1.1678],[34.6243,1.1689],[34.6274,1.169],[34.6332,1.1712],[34.6372,1.1723],[34.6405,1.1759],[34.6433,1.1774],[34.6485,1.1791],[34.6516,1.1824],[34.6549,1.1837],[34.6568,1.188],[34.6598,1.1895],[34.6629,1.192],[34.6641,1.1939],[34.6654,1.1992],[34.6687,1.2078],[34.6749,1.2094],[34.6768,1.2095],[34.6819,1.211],[34.6902,1.212],[34.6989,1.2148],[34.7007,1.216],[34.7047,1.2154],[34.71,1.2154],[34.7161,1.2164],[34.7205,1.218],[34.7231,1.2174],[34.7258,1.2184],[34.7328,1.2187],[34.7339,1.2195],[34.7401,1.2195],[34.7421,1.2211],[34.7495,1.22],[34.7582,1.2217],[34.7609,1.2206],[34.7662,1.2196],[34.7677,1.2186],[34.7713,1.2204],[34.7731,1.223],[34.7762,1.223],[34.7776,1.2221],[34.781,1.2232],[34.7827,1.2248],[34.7869,1.2227],[34.7903,1.222],[34.7944,1.2222],[34.7987,1.2272],[34.8,1.2275],[34.8055,1.2315],[34.8065,1.2349],[34.8091,1.2389],[34.8115,1.2404],[34.8105,1.2436],[34.8135,1.2476],[34.8157,1.249],[34.816,1.2504],[34.8178,1.2508],[34.8175,1.2565],[34.8187,1.2592],[34.8191,1.262],[34.8196,1.2632],[34.8245,1.2649],[34.8284,1.2686],[34.8303,1.2694],[34.8311,1.2711],[34.8299,1.2741],[34.8288,1.275],[34.8289,1.2795],[34.8281,1.287],[34.8283,1.2921],[34.828,1.2971],[34.8295,1.3016],[34.8298,1.3045],[34.8287,1.3104],[34.825,1.3153],[34.8209,1.3196],[34.817,1.3255],[34.8107,1.3329],[34.8055,1.3404],[34.7985,1.3517],[34.7917,1.3611],[34.7818,1.3722],[34.7807,1.3788],[34.7795,1.3808],[34.7768,1.3836],[34.7757,1.3878],[34.7772,1.3902],[34.7779,1.394],[34.7768,1.3967],[34.7807,1.3992],[34.7821,1.4028],[34.7839,1.4032],[34.7851,1.4058],[34.787,1.4077],[34.7908,1.41],[34.7932,1.412],[34.7946,1.4155],[34.7979,1.4206],[34.8017,1.4241],[34.8048,1.4259],[34.8147,1.43],[34.8174,1.4315],[34.8196,1.4336],[34.8227,1.4403],[34.826,1.4448],[34.8298,1.4477],[34.8357,1.4513],[34.839,1.4518],[34.8442,1.4516],[34.8484,1.4531],[34.8508,1.458],[34.8528,1.4606],[34.8528,1.4677],[34.854,1.4702],[34.8536,1.4723],[34.8562,1.4775],[34.8554,1.4793],[34.8559,1.4812],[34.8547,1.4848],[34.8542,1.4966],[34.8567,1.5033],[34.8634,1.5287],[34.8892,1.5559],[34.9051,1.5535],[34.922,1.5632],[34.9293,1.5681],[34.9431,1.5783],[34.9562,1.5999],[34.9619,1.6101],[34.9704,1.6266],[34.9905,1.6664],[34.9921,1.6814],[34.9937,1.6999],[34.9965,1.7311],[34.9988,1.7489],[35.0003,1.8395],[35.0276,1.9228],[35.0112,1.9431],[34.9919,1.9676],[34.9835,1.9814],[34.9833,2.0007],[34.9814,2.0365],[34.9805,2.0528],[34.9796,2.0569],[34.972,2.0909],[34.9685,2.1067],[34.9628,2.1318],[34.9539,2.1721],[34.9474,2.2007],[34.9392,2.25],[34.9383,2.2547],[34.9284,2.316],[34.9236,2.345],[34.9197,2.3684],[34.9164,2.3907],[34.9182,2.3937],[34.9136,2.3964],[34.9137,2.4014],[34.9131,2.4033],[34.9157,2.4102],[34.9155,2.4172],[34.9161,2.4197],[34.9153,2.421],[34.9153,2.4249],[34.9176,2.4244],[34.9209,2.4269],[34.925,2.4275],[34.9244,2.429],[34.9268,2.4296],[34.9285,2.4289],[34.931,2.4312],[34.9301,2.4392],[34.9333,2.4397],[34.9342,2.4383],[34.9364,2.4411],[34.9356,2.4447],[34.9378,2.448],[34.9393,2.4486],[34.9387,2.4505],[34.9414,2.4494],[34.9428,2.4499],[34.9413,2.452],[34.9417,2.4537],[34.9446,2.4554],[34.9457,2.4544],[34.9473,2.4564],[34.9496,2.4565],[34.9528,2.4583],[34.9522,2.461],[34.9522,2.4641],[34.9535,2.4664],[34.9543,2.4697],[34.9528,2.4719],[34.9537,2.4732],[34.9479,2.4731],[34.9433,2.4836],[34.9376,2.4972],[34.9338,2.5087],[34.9322,2.5148],[34.9129,2.515],[34.9044,2.5472],[34.8984,2.583],[34.8972,2.5854],[34.8935,2.5908],[34.8797,2.587],[34.8797,2.582],[34.8786,2.5707],[34.8678,2.5686],[34.8526,2.5815],[34.8379,2.6021],[34.8299,2.6193],[34.7987,2.6533],[34.7949,2.6658],[34.7895,2.6819],[34.775,2.6962],[34.7815,2.7307],[34.7839,2.7405],[34.7841,2.7476],[34.7815,2.7665],[34.7802,2.7719],[34.7745,2.7973],[34.7673,2.8169],[34.7665,2.82],[34.7601,2.8264],[34.7561,2.8248],[34.7496,2.8234],[34.7455,2.8318],[34.7421,2.8419],[34.737,2.852],[34.7323,2.8556],[34.7269,2.8578],[34.712,2.8627],[34.7087,2.8712],[34.7022,2.8751],[34.6984,2.8684],[34.6922,2.8599],[34.6852,2.8612],[34.6697,2.8612],[34.6591,2.8628],[34.6537,2.8646],[34.6403,2.9047],[34.6331,2.9084],[34.5995,2.9228],[34.5889,2.9789],[34.5891,2.9923],[34.5888,3.0001],[34.588,3.0032],[34.583,3.0082],[34.5809,3.012],[34.5772,3.0201],[34.576,3.0219],[34.574,3.0534],[34.5748,3.0642],[34.5764,3.0801],[34.5734,3.1006],[34.5595,3.1127],[34.5462,3.1368],[34.537,3.1432],[34.5237,3.1472],[34.515,3.15],[34.5115,3.1507],[34.4939,3.1426],[34.4896,3.1556],[34.484,3.1656],[34.4715,3.1738],[34.4605,3.1759],[34.4551,3.184],[34.4573,3.2026],[34.4518,3.2288],[34.4512,3.2428],[34.4488,3.2671],[34.4481,3.2829],[34.4393,3.3069],[34.427,3.3452],[34.4133,3.3625],[34.4016,3.3715],[34.4,3.3782],[34.4016,3.4156],[34.4108,3.4181],[34.4114,3.4211],[34.4174,3.431],[34.4187,3.4337],[34.4173,3.4518],[34.4059,3.4696],[34.3917,3.4831],[34.3903,3.4869],[34.389,3.4932],[34.3914,3.4947],[34.3965,3.4894],[34.424,3.4921],[34.4345,3.4989],[34.4459,3.5118],[34.4472,3.5143],[34.4499,3.5177],[34.451,3.52],[34.4533,3.5457],[34.4556,3.5696],[34.4565,3.5803],[34.4537,3.6122],[34.4583,3.6399],[34.4638,3.6698],[34.4551,3.6772],[34.4225,3.689],[34.4075,3.693],[34.4044,3.6932],[34.4008,3.7062],[34.3959,3.7104],[34.3783,3.7317],[34.3707,3.7355],[34.3544,3.7365],[34.3366,3.7325],[34.3249,3.728],[34.3177,3.7214],[34.312,3.7043],[34.3082,3.6933],[34.3062,3.6866],[34.3026,3.6867],[34.3051,3.6906],[34.3068,3.7],[34.3081,3.713],[34.2947,3.7241],[34.2831,3.7331],[34.267,3.749],[34.2597,3.7662],[34.246,3.7852],[34.2401,3.7841],[34.2355,3.7818],[34.2323,3.7819],[34.2283,3.7743],[34.226,3.7746],[34.2272,3.7828],[34.2249,3.7841],[34.2207,3.7845],[34.2144,3.7822],[34.2105,3.7802],[34.1928,3.7737],[34.1905,3.7722],[34.1861,3.7716],[34.1724,3.7678],[34.1652,3.7766],[34.17,3.7772],[34.1811,3.7801],[34.1849,3.7809],[34.1912,3.7827],[34.1889,3.7919],[34.1897,3.7951],[34.1755,3.8009],[34.1705,3.8012],[34.1627,3.7975],[34.1591,3.8021],[34.1531,3.8008],[34.1529,3.8076],[34.1572,3.8083],[34.164,3.8116],[34.1698,3.8217],[34.1802,3.8316],[34.217,3.8322],[34.2255,3.831],[34.2258,3.8506],[34.2249,3.8542],[34.2157,3.8814],[34.2081,3.8832],[34.2014,3.8836],[34.1969,3.8827],[34.1759,3.8803],[34.1692,3.8761],[34.168,3.871],[34.1494,3.87],[34.1276,3.8725],[34.1085,3.8689],[34.0928,3.8616],[34.0881,3.8626],[34.0889,3.8666],[34.0889,3.8706],[34.0907,3.8857],[34.0946,3.8883],[34.1038,3.8923],[34.1146,3.8974],[34.1182,3.9014],[34.1191,3.903],[34.129,3.935],[34.1339,3.9574],[34.1349,3.961],[34.1043,3.9787],[34.0799,4.0044],[34.0606,4.01],[34.0584,4.0287],[34.0889,4.0382],[34.0917,4.0474],[34.092,4.0694],[34.0807,4.0862],[34.0633,4.0942],[34.0498,4.1216],[34.066,4.1429],[34.0477,4.1791],[34.0387,4.1876],[33.9921,4.2236],[34.0852,4.3139],[34.1409,4.3676],[34.1938,4.42],[34.2301,4.4556],[34.3051,4.5285],[34.3921,4.6137],[34.4728,4.692],[34.4996,4.7153],[34.5949,4.7941],[34.627,4.8224],[34.7017,4.8875],[34.8215,4.9893],[34.8537,5.0171],[34.8834,5.0425],[35.1252,5.243],[35.2658,5.4135],[35.292,5.4136],[35.4247,5.4138],[35.6058,5.4141],[35.6076,5.4123],[35.6104,5.4083],[35.6145,5.3987],[35.6193,5.3931],[35.6211,5.3919],[35.6252,5.3863],[35.6267,5.3829],[35.6301,5.3763],[35.631,5.3751],[35.6344,5.3741],[35.638,5.3754],[35.6405,5.3784],[35.6453,5.3821],[35.6508,5.3824],[35.6555,5.3819],[35.6582,5.3827],[35.6656,5.3867],[35.6689,5.3875],[35.6734,5.3863],[35.6754,5.3865],[35.6805,5.3884],[35.6838,5.3883],[35.6891,5.3861],[35.6933,5.3853],[35.6951,5.3859],[35.6982,5.3856],[35.7059,5.3834],[35.7117,5.3847],[35.7136,5.3842],[35.718,5.3845],[35.7232,5.3819],[35.7259,5.3795],[35.7268,5.3776],[35.7263,5.3755],[35.7238,5.372],[35.7245,5.3702],[35.7268,5.3694],[35.7325,5.3716],[35.7357,5.3709],[35.7386,5.3728],[35.7445,5.3733],[35.7519,5.3713],[35.7561,5.3689],[35.7588,5.3679],[35.7622,5.3659],[35.7629,5.3649],[35.7618,5.3605],[35.7642,5.3584],[35.7691,5.3579],[35.774,5.3579],[35.7778,5.3561],[35.785,5.349],[35.7885,5.3476],[35.7941,5.3481],[35.8003,5.3438],[35.8042,5.344],[35.8091,5.343],[35.814,5.3406],[35.8173,5.3411],[35.8236,5.3448],[35.8287,5.3461],[35.8345,5.3439],[35.8361,5.3421],[35.8372,5.3397],[35.8372,5.3342],[35.8385,5.3316],[35.8423,5.328],[35.8445,5.3252],[35.8455,5.3224],[35.8451,5.3111],[35.8456,5.3076],[35.8466,5.306],[35.8512,5.3004],[35.8534,5.2965],[35.8533,5.2936],[35.8524,5.2904],[35.8506,5.287],[35.8464,5.2822],[35.8433,5.2792],[35.8423,5.2776],[35.8398,5.268],[35.8384,5.2582],[35.8357,5.2474],[35.8354,5.2443],[35.8361,5.2414],[35.8376,5.2386],[35.84,5.2303],[35.8473,5.2197],[35.8495,5.215],[35.8502,5.2088],[35.8511,5.2037],[35.8529,5.1996],[35.8551,5.1924],[35.855,5.1889],[35.8525,5.1812],[35.8522,5.1767],[35.8528,5.1729],[35.8547,5.1676],[35.8557,5.1625],[35.8554,5.1549],[35.8544,5.15],[35.8533,5.1476],[35.853,5.1443],[35.8527,5.1331],[35.8521,5.1307],[35.851,5.121],[35.8485,5.1079],[35.847,5.1014],[35.8467,5.0986],[35.845,5.0921],[35.8441,5.0859],[35.8433,5.0786],[35.8432,5.0666],[35.8425,5.058],[35.8413,5.0481],[35.8414,5.0408],[35.841,5.0376],[35.8411,5.0266],[35.8415,5.0162],[35.8408,5.0098],[35.8386,4.9998],[35.8371,4.9886],[35.836,4.9763],[35.8357,4.9685],[35.8351,4.9457],[35.8347,4.9392],[35.8356,4.9368],[35.8381,4.9346],[35.8426,4.9321],[35.8482,4.9304],[35.8521,4.9296],[35.86,4.9276],[35.8669,4.9242],[35.8735,4.9199],[35.8765,4.9173],[35.8856,4.9058],[35.8903,4.8992],[35.8932,4.8945],[35.8962,4.8883],[35.8987,4.8773],[35.9011,4.8618],[35.9034,4.8538],[35.9051,4.8422],[35.9065,4.8358],[35.9068,4.8308],[35.909,4.8152],[35.91,4.8099],[35.9111,4.7951],[35.9116,4.7918],[35.912,4.7843],[35.9119,4.7787],[35.9136,4.763],[35.9136,4.7585],[35.9148,4.7479],[35.9151,4.7386],[35.9169,4.7289],[35.918,4.7209],[35.9181,4.7172],[35.9205,4.7042],[35.9217,4.695],[35.9217,4.6831],[35.9219,4.676],[35.921,4.6693],[35.9211,4.6643],[35.9208,4.6557],[35.921,4.6469],[35.9222,4.641],[35.9499,4.6286],[35.9474,4.6242],[35.9427,4.6033],[35.9392,4.5893],[35.9397,4.5843],[35.942,4.5811],[35.963,4.5765],[35.9636,4.5649],[35.9429,4.5472],[35.9985,4.4978],[36.0503,4.4549],[36.0503,4.4514],[36.2334,4.4512],[36.2457,4.4571],[36.2471,4.4576],[36.2641,4.4506],[36.2971,4.45],[36.3329,4.4493],[36.3577,4.4487],[36.3848,4.4479],[36.4004,4.448],[36.4193,4.4473],[36.4626,4.4461],[36.4755,4.4464],[36.5161,4.4458],[36.5469,4.4443],[36.5768,4.4481],[36.6256,4.4543],[36.6448,4.4539],[36.6607,4.4428],[36.6614,4.442],[36.6804,4.4413],[36.6991,4.4423],[36.7168,4.4431],[36.7402,4.4444],[36.781,4.4468],[36.814,4.4481],[36.844,4.4496],[36.8797,4.4318],[36.9099,4.4245],[36.9598,4.4032],[36.9591,4.3976],[36.9745,4.398],[36.9759,4.3984],[36.9799,4.3957],[36.9863,4.3952],[36.9864,4.3926],[36.9884,4.3913],[36.9971,4.384],[36.9972,4.3824],[36.9988,4.3826],[37.0037,4.3783],[37.0089,4.3802],[37.0158,4.3763],[37.0209,4.3718],[37.0275,4.3784],[37.0306,4.3818],[37.0314,4.3857],[37.0389,4.3779],[37.0437,4.3746],[37.0474,4.3758],[37.0481,4.3705],[37.0549,4.366],[37.0543,4.3622],[37.0639,4.3519],[37.0642,4.3489],[37.0654,4.347],[37.0718,4.3488],[37.0777,4.3484],[37.0806,4.3474],[37.0894,4.3436],[37.094,4.3364],[37.0958,4.3339],[37.0981,4.3342],[37.0981,4.3312],[37.1133,4.3065],[37.1283,4.2949],[37.1318,4.293],[37.1363,4.2952],[37.1537,4.2837],[37.1586,4.2803],[37.1827,4.2647],[37.1998,4.2536],[37.2118,4.2461],[37.225,4.2375],[37.2399,4.2282],[37.2483,4.2228],[37.2609,4.2144],[37.2665,4.2108],[37.2899,4.1955],[37.2985,4.1897],[37.3154,4.179],[37.3219,4.1746],[37.3405,4.1628],[37.3749,4.1404],[37.3932,4.1284],[37.4053,4.1207],[37.4058,4.1201],[37.4176,4.1132],[37.4205,4.111],[37.4229,4.1121],[37.4261,4.1103],[37.4271,4.107],[37.4291,4.1064],[37.4548,4.0897],[37.4927,4.0644],[37.5008,4.0591],[37.5551,4.0193],[37.5866,3.9969],[37.6019,3.9869],[37.6202,3.9747],[37.6325,3.9669],[37.6482,3.9558],[37.6486,3.9524],[37.6592,3.9457],[37.6785,3.9326],[37.6903,3.9244],[37.707,3.9126],[37.7201,3.9054],[37.7419,3.8903],[37.7546,3.8818],[37.7681,3.8724],[37.7857,3.861],[37.802,3.8513],[37.8075,3.8474],[37.8369,3.8281],[37.8472,3.821],[37.8695,3.8069],[37.8843,3.7971],[37.902,3.7856],[37.9101,3.7802],[37.9188,3.7735],[37.9334,3.7648],[37.9499,3.7553],[37.9662,3.7463],[37.9933,3.7319],[38.0,3.7335],[38.0033,3.7286],[38.0081,3.729],[38.0127,3.7153],[38.0157,3.7159],[38.0173,3.7094],[38.0187,3.7059],[38.0244,3.7011],[38.0267,3.6963],[38.031,3.6943],[38.0321,3.6905],[38.0353,3.688],[38.0377,3.6852],[38.0419,3.6853],[38.0429,3.6811],[38.044,3.6809],[38.0442,3.6787],[38.0475,3.6756],[38.0547,3.6724],[38.0598,3.6689],[38.072,3.6592],[38.0841,3.6493],[38.0927,3.6425],[38.1132,3.626],[38.121,3.6165],[38.129,3.6086],[38.1355,3.6139],[38.1443,3.6145],[38.1474,3.6142],[38.1522,3.615],[38.1742,3.6204],[38.1838,3.6223],[38.1906,3.6223],[38.2111,3.621],[38.2351,3.6192],[38.2606,3.6178],[38.3046,3.6148],[38.3212,3.6138],[38.3821,3.6094],[38.4115,3.6077],[38.4478,3.6043],[38.4807,3.6157],[38.5047,3.6247],[38.5149,3.626],[38.5224,3.6296],[38.5214,3.6325],[38.5213,3.6381],[38.5227,3.6407],[38.5225,3.644],[38.5189,3.6465],[38.5167,3.6488],[38.5159,3.6514],[38.5212,3.6547],[38.5387,3.6567],[38.5423,3.6498],[38.5502,3.6442],[38.5512,3.6374],[38.5579,3.625],[38.5583,3.6176],[38.5601,3.6156],[38.5653,3.6154],[38.5691,3.6107],[38.5716,3.6124],[38.5753,3.6087],[38.5778,3.6087],[38.5792,3.6062],[38.5817,3.6085],[38.6061,3.6083],[38.6079,3.6116],[38.6095,3.6121],[38.612,3.6147],[38.6149,3.6146],[38.6153,3.6115],[38.6175,3.607],[38.6204,3.6046],[38.6248,3.6066],[38.6393,3.6026],[38.6593,3.5983],[38.6656,3.5952],[38.6692,3.6031],[38.6766,3.6112],[38.6731,3.623],[38.6815,3.6267],[38.6869,3.6261],[38.6887,3.6235],[38.6932,3.6124],[38.713,3.5836],[38.7124,3.5804],[38.715,3.5742],[38.7207,3.5721],[38.7707,3.5571],[38.8009,3.548],[38.8396,3.5362],[38.8416,3.5375],[38.8688,3.5273],[38.8913,3.5203],[38.9057,3.5147],[38.9287,3.5157],[38.9597,3.5179],[38.9584,3.5237],[38.9586,3.5268],[38.9648,3.5327],[38.9678,3.5334],[38.9709,3.5303],[38.9758,3.532],[38.9799,3.53],[38.9793,3.5278],[38.9813,3.5261],[38.9845,3.5256],[38.9904,3.5239],[38.9923,3.5251],[38.9989,3.5217],[39.0015,3.5257],[39.003,3.5257],[39.0041,3.5244],[39.0074,3.5166],[39.0122,3.5177],[39.0147,3.5134],[39.0183,3.5114],[39.0212,3.5126],[39.0211,3.5244],[39.0316,3.5247],[39.0363,3.5294],[39.0421,3.5276],[39.0453,3.5249],[39.049,3.5239],[39.0532,3.5218],[39.0549,3.5218],[39.0586,3.5265],[39.0629,3.528],[39.0657,3.5296],[39.0717,3.5293],[39.0726,3.5315],[39.078,3.5323],[39.078,3.5416],[39.0793,3.5423],[39.0819,3.5414],[39.0873,3.5421],[39.0895,3.5408],[39.0915,3.5361],[39.0954,3.5324],[39.1034,3.5244],[39.1066,3.5223],[39.1179,3.5174],[39.1254,3.5139],[39.1304,3.5119],[39.1325,3.5119],[39.1363,3.513],[39.1394,3.5116],[39.1417,3.5113],[39.1461,3.5122],[39.1514,3.5106],[39.1491,3.5047],[39.1493,3.5027],[39.1514,3.5013],[39.1538,3.5024],[39.1626,3.4961],[39.1716,3.4916],[39.1767,3.49],[39.1802,3.4906],[39.1885,3.4932],[39.1897,3.4807],[39.1911,3.4794],[39.1948,3.479],[39.1988,3.4792],[39.2077,3.4804],[39.2239,3.4818],[39.227,3.4816],[39.2282,3.4801],[39.234,3.4783],[39.2394,3.4776],[39.2446,3.4763],[39.2499,3.4759],[39.2542,3.477],[39.2576,3.4745],[39.2598,3.4745],[39.2658,3.4721],[39.2773,3.478],[39.2814,3.4792],[39.2882,3.4801],[39.292,3.4797],[39.2968,3.4775],[39.2995,3.4775],[39.3033,3.4786],[39.3078,3.4872],[39.31,3.4872],[39.3121,3.4892],[39.3177,3.4988],[39.3184,3.4995],[39.3234,3.5017],[39.3278,3.5027],[39.331,3.5022],[39.3329,3.5003],[39.3335,3.4907],[39.3351,3.4844],[39.3348,3.4797],[39.3326,3.4716],[39.3302,3.4661],[39.3376,3.4662],[39.3579,3.4672],[39.3745,3.4674],[39.3874,3.4662],[39.3949,3.4648],[39.4023,3.4631],[39.4045,3.4655],[39.4062,3.4643],[39.4084,3.4645],[39.4119,3.4657],[39.4144,3.4624],[39.4187,3.4606],[39.4216,3.4616],[39.4235,3.4639],[39.4266,3.466],[39.4272,3.4652],[39.4287,3.4593],[39.4291,3.4546],[39.4357,3.4567],[39.4396,3.4559],[39.4417,3.4569],[39.4427,3.4601],[39.4436,3.4604],[39.453,3.4565],[39.4549,3.4561],[39.4589,3.4576],[39.4628,3.4568],[39.4649,3.4602],[39.4687,3.459],[39.4708,3.4615],[39.4725,3.4619],[39.4748,3.4598],[39.4793,3.46],[39.4835,3.4596],[39.4859,3.4614],[39.4904,3.4666],[39.4949,3.4665],[39.4968,3.4654],[39.4975,3.4639],[39.5014,3.4511],[39.5127,3.4148],[39.5144,3.4097],[39.5192,3.4073],[39.5306,3.4022],[39.5386,3.4012],[39.5431,3.4],[39.5483,3.4002],[39.5532,3.3998],[39.5559,3.4056],[39.5707,3.4435],[39.5853,3.4801],[39.5884,3.4872],[39.5895,3.4888],[39.6029,3.4971],[39.6078,3.5014],[39.6348,3.529],[39.6376,3.5323],[39.6428,3.5372],[39.6702,3.5653],[39.6967,3.5928],[39.7238,3.6206],[39.7456,3.6431],[39.7565,3.6543],[39.7636,3.6611],[39.7669,3.6599],[39.7733,3.6685],[39.7851,3.6953],[39.7908,3.707],[39.8,3.727],[39.8387,3.8096],[39.8653,3.8679],[39.8724,3.8714],[39.8901,3.8806],[39.9965,3.9364],[40.1176,3.9992],[40.1475,4.013],[40.153,4.0131],[40.1581,4.0166],[40.1625,4.0215],[40.1677,4.0251],[40.1736,4.0279],[40.1792,4.0301],[40.184,4.0349],[40.187,4.04],[40.1889,4.0445],[40.1913,4.0465],[40.1959,4.0465],[40.205,4.0407],[40.2105,4.0436],[40.2588,4.0635],[40.3435,4.0974],[40.3635,4.1058],[40.3848,4.1154],[40.3941,4.1138],[40.4016,4.1208],[40.4246,4.1314],[40.5026,4.1628],[40.58,4.1943],[40.6551,4.2251],[40.6897,4.2384],[40.6971,4.2416],[40.6977,4.244],[40.7017,4.2486],[40.7103,4.2514],[40.7135,4.2506],[40.7212,4.2497],[40.7268,4.2505],[40.7299,4.2551],[40.7339,4.258],[40.7352,4.2598],[40.7394,4.261],[40.7435,4.263],[40.7461,4.2657],[40.7493,4.2699],[40.7515,4.2738],[40.7577,4.2815],[40.7595,4.2821],[40.7678,4.282],[40.7711,4.2803],[40.7776,4.28],[40.7794,4.2811],[40.7817,4.2812],[40.7832,4.2797],[40.7882,4.2701],[40.7907,4.2677],[40.795,4.2663],[40.8019,4.2657],[40.8048,4.264],[40.806,4.2618],[40.8082,4.2601],[40.8098,4.26],[40.815,4.2578],[40.819,4.2545],[40.8254,4.2515],[40.8285,4.2515],[40.8327,4.247],[40.8342,4.2468],[40.8348,4.2506],[40.839,4.2508],[40.8439,4.2494],[40.8478,4.2477],[40.849,4.2462],[40.8509,4.242],[40.8511,4.24],[40.8502,4.2363],[40.8532,4.2292],[40.8544,4.2275],[40.8659,4.2274],[40.8687,4.2268],[40.8733,4.223],[40.8786,4.2197],[40.8844,4.2142],[40.8864,4.21],[40.8853,4.2049],[40.8863,4.2007],[40.8863,4.1934],[40.8884,4.1903],[40.8929,4.1868],[40.8974,4.1841],[40.9001,4.1804],[40.9027,4.1687],[40.9027,4.1652],[40.9045,4.1596],[40.9059,4.1571],[40.9077,4.1554],[40.9127,4.1554],[40.9178,4.1543],[40.9194,4.1536],[40.9229,4.15],[40.9256,4.1491],[40.9357,4.1473],[40.9442,4.148],[40.9471,4.1454],[40.9514,4.1444],[40.9532,4.1424],[40.9579,4.1424],[40.9596,4.1418],[40.9605,4.1396],[40.9611,4.1355],[40.9632,4.1337],[40.9673,4.132],[40.975,4.1267],[40.9792,4.123],[40.9799,4.1153],[40.9808,4.1133],[40.9844,4.1121],[40.9942,4.1131],[40.9977,4.1119],[41.0011,4.1101],[41.0043,4.1028],[41.0093,4.0978],[41.0123,4.0954],[41.0154,4.0944],[41.0174,4.092],[41.0178,4.0855],[41.021,4.0817],[41.0266,4.0817],[41.03,4.0809],[41.0329,4.0745],[41.0349,4.0745],[41.0387,4.0771],[41.0419,4.0765],[41.0431,4.0738],[41.0469,4.0626],[41.0512,4.0567],[41.0544,4.0539],[41.0594,4.0509],[41.0634,4.0477],[41.0681,4.0429],[41.0707,4.0384],[41.0717,4.0334],[41.0721,4.0274],[41.0749,4.0248],[41.0789,4.024],[41.0825,4.0238],[41.086,4.0205],[41.0864,4.0169],[41.09,4.0135],[41.0981,4.0092],[41.1032,4.008],[41.105,4.0071],[41.1053,4.0055],[41.1008,4.0029],[41.1002,4.0016],[41.102,3.9933],[41.1045,3.9901],[41.1087,3.9869],[41.1107,3.9869],[41.114,3.9898],[41.117,3.9894],[41.1198,3.9855],[41.122,3.983],[41.1272,3.9799],[41.1253,3.9779],[41.1252,3.9757],[41.1265,3.9753],[41.1327,3.9753],[41.136,3.9738],[41.1357,3.9723],[41.1301,3.9716],[41.1309,3.9689],[41.1321,3.9682],[41.1368,3.9675],[41.1401,3.9634],[41.1466,3.9631],[41.1551,3.9594],[41.1593,3.956],[41.1632,3.9539],[41.1667,3.9526],[41.1681,3.949],[41.1715,3.9467],[41.1734,3.9442],[41.1765,3.9462],[41.1805,3.9459],[41.1845,3.9428],[41.1895,3.9427],[41.1911,3.9419],[41.1947,3.9385],[41.1977,3.9371],[41.2073,3.9369],[41.208,3.9376],[41.2082,3.9479],[41.2094,3.9489],[41.2171,3.9504],[41.2173,3.9524],[41.2162,3.9548],[41.2174,3.9552],[41.2267,3.9554],[41.2285,3.9552],[41.2306,3.9522],[41.2319,3.9521],[41.2327,3.9556],[41.2384,3.9613],[41.2418,3.9615],[41.2427,3.9599],[41.2428,3.9561],[41.2438,3.9526],[41.2457,3.9518],[41.2474,3.9522],[41.2484,3.956],[41.2506,3.9563],[41.2531,3.9546],[41.2555,3.9543],[41.2613,3.9573],[41.263,3.9577],[41.2683,3.9552],[41.2766,3.952],[41.2793,3.9556],[41.2825,3.9552],[41.2831,3.953],[41.2815,3.9505],[41.2817,3.9491],[41.2838,3.949],[41.2869,3.9507],[41.2903,3.9507],[41.2957,3.9491],[41.2968,3.9494],[41.2966,3.9519],[41.2942,3.9548],[41.2955,3.9572],[41.2991,3.9566],[41.3013,3.9522],[41.305,3.9488],[41.309,3.9479],[41.3132,3.949],[41.3159,3.9462],[41.3182,3.9456],[41.3181,3.9484],[41.3247,3.9432],[41.3298,3.9432],[41.3331,3.9465],[41.3384,3.9464],[41.3419,3.9485],[41.3452,3.9518],[41.3514,3.9507],[41.3546,3.9537],[41.3554,3.9554],[41.3549,3.9611],[41.3559,3.9627],[41.3621,3.9624],[41.363,3.9617],[41.364,3.9582],[41.3706,3.9581],[41.372,3.9577],[41.3775,3.9542],[41.3795,3.9541],[41.3816,3.9557],[41.382,3.9578],[41.382,3.9622],[41.3841,3.9625],[41.3882,3.9614],[41.3897,3.9622],[41.3911,3.9655],[41.3945,3.9671],[41.3989,3.9663],[41.4001,3.9647],[41.4054,3.9617],[41.4094,3.9579],[41.4113,3.9566],[41.4159,3.9556],[41.4198,3.9516],[41.4243,3.9517],[41.4337,3.9522],[41.4388,3.9521],[41.4396,3.9527],[41.4396,3.9554],[41.4382,3.9576],[41.4391,3.9597],[41.4414,3.9599],[41.445,3.9585],[41.4483,3.9578],[41.4524,3.9581],[41.4565,3.9609],[41.4589,3.9618],[41.4646,3.9615],[41.4684,3.9576],[41.4712,3.9574],[41.475,3.9602],[41.4776,3.9598],[41.4794,3.9568],[41.4821,3.9566],[41.4828,3.9585],[41.4828,3.9637],[41.4839,3.9644],[41.4957,3.9647],[41.4982,3.967],[41.4997,3.9707],[41.5029,3.9703],[41.5071,3.9654],[41.5072,3.9611],[41.5061,3.9593],[41.5064,3.9578],[41.5104,3.9565],[41.5146,3.9566],[41.5172,3.9595],[41.5224,3.9637],[41.524,3.9709],[41.5271,3.9751],[41.5299,3.9764],[41.5362,3.9781],[41.5391,3.9822],[41.5434,3.985],[41.5485,3.9867],[41.5505,3.9867],[41.5534,3.9855],[41.5609,3.9796],[41.563,3.9772],[41.5648,3.9733],[41.5664,3.9721],[41.5691,3.972],[41.5738,3.973],[41.579,3.9753],[41.5872,3.9746],[41.5916,3.9731],[41.5964,3.9732],[41.5983,3.9758],[41.6022,3.9775],[41.6088,3.9763],[41.6184,3.9763],[41.6225,3.9796],[41.6252,3.9845],[41.6272,3.9857],[41.6289,3.9855],[41.6302,3.98],[41.6322,3.9805],[41.6338,3.987],[41.6349,3.9876],[41.6374,3.9872],[41.6382,3.9841],[41.6359,3.9808],[41.6359,3.9794],[41.6373,3.9789],[41.6393,3.9812],[41.6423,3.9811],[41.6435,3.98],[41.644,3.977],[41.6456,3.975],[41.6517,3.9741],[41.6528,3.9732],[41.6543,3.9691],[41.6572,3.968],[41.6621,3.9703],[41.6666,3.9678],[41.6681,3.9679],[41.6694,3.9701],[41.672,3.9687],[41.676,3.9618],[41.6782,3.9618],[41.6789,3.9655],[41.6807,3.9709],[41.6825,3.9728],[41.6818,3.9756],[41.6817,3.9793],[41.6834,3.9792],[41.6853,3.9771],[41.6863,3.9748],[41.6884,3.9741],[41.6901,3.9756],[41.6911,3.9781],[41.6916,3.9814],[41.6925,3.9825],[41.6974,3.9833],[41.7012,3.9857],[41.7046,3.9883],[41.7074,3.9886],[41.7112,3.9876],[41.7132,3.9877],[41.7158,3.9938],[41.7184,3.9964],[41.7203,3.9962],[41.7214,3.9951],[41.7214,3.9915],[41.7221,3.9906],[41.7274,3.9904],[41.7308,3.9881],[41.7318,3.9903],[41.73,3.9928],[41.7302,3.9952],[41.7337,3.9955],[41.7354,3.9937],[41.7352,3.9904],[41.7333,3.9882],[41.7341,3.9857],[41.7355,3.9864],[41.7376,3.9891],[41.7393,3.9896],[41.7433,3.9886],[41.7485,3.9865],[41.7539,3.986],[41.7546,3.9833],[41.7535,3.9808],[41.7535,3.9774],[41.7544,3.9764],[41.76,3.9765],[41.7632,3.9777],[41.7654,3.9778],[41.7686,3.9763],[41.7722,3.9755],[41.7746,3.9757],[41.7782,3.9778],[41.7795,3.9808],[41.78,3.9842],[41.7833,3.9845],[41.7873,3.9795],[41.7889,3.9795],[41.7908,3.981],[41.7924,3.9834],[41.7945,3.9839],[41.7947,3.9823],[41.7938,3.9797],[41.794,3.9758],[41.7974,3.9752],[41.7989,3.9742],[41.7985,3.9718],[41.7947,3.9719],[41.7947,3.9703],[41.7971,3.9683],[41.7985,3.9612],[41.7994,3.9599],[41.8023,3.959],[41.8044,3.9594],[41.8067,3.9617],[41.8082,3.9621],[41.8104,3.9589],[41.8135,3.9601],[41.8205,3.9599],[41.8217,3.9577],[41.8195,3.9557],[41.8204,3.9521],[41.8231,3.9501],[41.8258,3.9491],[41.8273,3.9539],[41.8297,3.9535],[41.8333,3.95],[41.834,3.9476],[41.836,3.9461],[41.8371,3.9481],[41.8371,3.9504],[41.8357,3.9527],[41.8357,3.9549],[41.8437,3.955],[41.845,3.9524],[41.8474,3.9495],[41.8506,3.949],[41.8524,3.9496],[41.8548,3.9522],[41.8537,3.9591],[41.8542,3.961],[41.8556,3.9624],[41.8604,3.9623],[41.8638,3.9611],[41.8668,3.9615],[41.8678,3.9682],[41.8689,3.9682],[41.8713,3.9649],[41.8757,3.9648],[41.8764,3.9678],[41.8826,3.968],[41.8835,3.9738],[41.8875,3.9755],[41.8887,3.9768],[41.8945,3.9796],[41.8972,3.9819],[41.9016,3.9818],[41.9048,3.978],[41.906,3.9752],[41.8863,3.9469],[41.8487,3.894],[41.8259,3.8593],[41.7956,3.8191],[41.7507,3.7546],[41.7415,3.7415],[41.7276,3.722],[41.7234,3.7155],[41.7116,3.6983],[41.6944,3.6741],[41.6791,3.6521],[41.6613,3.6272],[41.6432,3.6016],[41.6288,3.5806],[41.6137,3.5593],[41.5961,3.5347],[41.5821,3.5146],[41.5649,3.4895],[41.5507,3.4694],[41.5337,3.445],[41.5188,3.4242],[41.5024,3.401],[41.4865,3.3777],[41.4698,3.3534],[41.4351,3.3042],[41.4177,3.2787],[41.3992,3.2528],[41.3811,3.2269],[41.3456,3.1763],[41.3347,3.1609],[41.3271,3.1513],[41.3,3.1245],[41.273,3.0985],[41.2468,3.0723],[41.1991,3.0257],[41.1779,3.0059],[41.1679,2.9962],[41.1267,2.9559],[41.0866,2.9161],[41.0439,2.8751],[41.0027,2.8345],[40.9938,2.8253],[40.9941,2.7935],[40.9938,2.7524],[40.9935,2.7111],[40.9934,2.6679],[40.9933,2.627],[40.9933,2.5847],[40.9931,2.5419],[40.9936,2.4985],[40.9932,2.4552],[40.9933,2.4106],[40.9934,2.3943],[40.9932,2.3774],[40.9931,2.3426],[40.9929,2.326],[40.9929,2.3085],[40.9928,2.2921],[40.9929,2.276],[40.9928,2.2594],[40.9928,2.2424],[40.9924,2.2238],[40.9922,2.2055],[40.9919,2.1785],[40.9922,2.1753],[40.991,2.0005],[40.991,1.9436],[40.9927,1.6804],[40.9917,1.4907],[40.9917,1.3055],[40.9919,1.022],[40.9881,1.0196],[40.9917,0.693],[40.9931,0.4639],[40.9931,-0.8289],[41.5593,-1.5933],[41.5623,-1.5972],[41.5627,-1.5999],[41.5624,-1.6562],[41.5624,-1.6586],[41.5598,-1.6628],[41.555,-1.6693],[41.5515,-1.6727],[41.5472,-1.6755],[41.5434,-1.68],[41.5389,-1.683],[41.538,-1.685],[41.5343,-1.6874],[41.5284,-1.6927],[41.5201,-1.7004],[41.5172,-1.705],[41.5116,-1.7121],[41.5089,-1.7167],[41.5021,-1.7244],[41.4972,-1.7337],[41.4921,-1.7422],[41.4914,-1.7457],[41.4877,-1.7464],[41.4829,-1.7482],[41.4795,-1.751],[41.4767,-1.755],[41.475,-1.7584],[41.464,-1.7683],[41.4531,-1.78],[41.4426,-1.7915],[41.438,-1.7971],[41.4322,-1.8008],[41.4289,-1.8021],[41.4279,-1.8041],[41.4241,-1.808],[41.4224,-1.8115],[41.4232,-1.8139],[41.423,-1.8158],[41.4212,-1.8172],[41.4242,-1.8169],[41.4246,-1.818],[41.4207,-1.8207],[41.4187,-1.823],[41.4178,-1.8251],[41.4177,-1.8282],[41.415,-1.8281],[41.414,-1.8296],[41.4089,-1.8333],[41.4049,-1.8382],[41.3965,-1.8451],[41.3926,-1.8501],[41.3926,-1.8528],[41.3953,-1.8533],[41.3955,-1.8544],[41.3929,-1.8562],[41.3879,-1.8628],[41.3857,-1.8644],[41.384,-1.8646],[41.3806,-1.8569],[41.3771,-1.8558],[41.3721,-1.8573],[41.3705,-1.8605],[41.368,-1.8606],[41.3659,-1.8626],[41.3664,-1.8647],[41.3704,-1.862],[41.3768,-1.8616],[41.3759,-1.8637],[41.3785,-1.8665],[41.3827,-1.867],[41.385,-1.8694],[41.3856,-1.8675],[41.3878,-1.866],[41.3897,-1.8667],[41.3863,-1.8725],[41.3832,-1.8726],[41.3779,-1.8766],[41.375,-1.8802],[41.3707,-1.8835],[41.3695,-1.8855],[41.3631,-1.8898],[41.3588,-1.8954],[41.3557,-1.8987],[41.3555,-1.9014],[41.353,-1.9044],[41.3504,-1.9093],[41.3508,-1.9116],[41.3433,-1.9118],[41.3398,-1.9136],[41.3387,-1.9151],[41.3328,-1.9247],[41.327,-1.931],[41.3228,-1.9364],[41.3237,-1.942],[41.3232,-1.9443],[41.32,-1.9475],[41.3175,-1.948],[41.3137,-1.9503],[41.3123,-1.9551],[41.3081,-1.9544],[41.3041,-1.9547],[41.302,-1.9556],[41.2972,-1.9596],[41.292,-1.9691],[41.2868,-1.9728],[41.2854,-1.9756],[41.2825,-1.9772],[41.2812,-1.9795],[41.2771,-1.9827],[41.2764,-1.9826],[41.2764,-1.9768],[41.2768,-1.9702],[41.2756,-1.9649],[41.2748,-1.9639],[41.276,-1.9622],[41.28,-1.9589],[41.2825,-1.955],[41.2825,-1.9531],[41.2809,-1.9491],[41.2819,-1.9448],[41.2792,-1.9438],[41.2798,-1.9395],[41.277,-1.938],[41.2753,-1.9387],[41.2683,-1.9386],[41.2684,-1.9362],[41.2669,-1.936],[41.2649,-1.9395],[41.2615,-1.9367],[41.2626,-1.9342],[41.2607,-1.9343],[41.2569,-1.9356],[41.2567,-1.9387],[41.256,-1.9401],[41.253,-1.9388],[41.2491,-1.9383],[41.2494,-1.9397],[41.2524,-1.9427],[41.2527,-1.9444],[41.2495,-1.9443],[41.2481,-1.9463],[41.2476,-1.953],[41.2453,-1.9526],[41.2426,-1.95],[41.2358,-1.9502],[41.2359,-1.949],[41.2392,-1.9483],[41.2399,-1.9462],[41.2413,-1.945],[41.2403,-1.9437],[41.2363,-1.9444],[41.237,-1.9422],[41.2359,-1.9386],[41.2403,-1.9363],[41.2447,-1.9323],[41.2472,-1.9321],[41.2519,-1.9286],[41.2524,-1.9249],[41.2506,-1.9248],[41.2516,-1.9196],[41.2504,-1.9191],[41.2512,-1.9156],[41.2507,-1.9134],[41.2515,-1.9092],[41.2476,-1.911],[41.2457,-1.913],[41.2435,-1.9125],[41.2428,-1.915],[41.2445,-1.9162],[41.2439,-1.9179],[41.2414,-1.9173],[41.2375,-1.9192],[41.2366,-1.9188],[41.237,-1.916],[41.2386,-1.914],[41.2405,-1.9086],[41.2389,-1.9087],[41.2375,-1.9121],[41.2357,-1.912],[41.2357,-1.909],[41.2369,-1.9054],[41.2356,-1.9044],[41.236,-1.9017],[41.235,-1.9012],[41.2326,-1.9027],[41.2281,-1.9021],[41.2232,-1.9054],[41.2228,-1.9071],[41.2208,-1.9077],[41.2198,-1.9105],[41.2188,-1.9099],[41.2184,-1.9056],[41.223,-1.9019],[41.223,-1.8992],[41.2245,-1.8971],[41.2216,-1.897],[41.22,-1.8962],[41.2218,-1.8932],[41.2249,-1.8909],[41.227,-1.8887],[41.2258,-1.8878],[41.2163,-1.8938],[41.2098,-1.8985],[41.2014,-1.8994],[41.1996,-1.9036],[41.1997,-1.9057],[41.1977,-1.9065],[41.1971,-1.9092],[41.1929,-1.91],[41.1913,-1.9136],[41.189,-1.9146],[41.188,-1.9172],[41.1846,-1.9181],[41.1839,-1.9196],[41.1811,-1.9197],[41.1794,-1.9182],[41.1804,-1.9213],[41.1781,-1.9232],[41.1782,-1.9258],[41.1773,-1.9267],[41.1718,-1.9234],[41.1727,-1.9264],[41.1721,-1.9294],[41.1699,-1.9296],[41.1687,-1.9311],[41.1638,-1.9312],[41.1617,-1.9328],[41.1606,-1.9357],[41.1645,-1.9358],[41.1654,-1.9373],[41.1646,-1.9389],[41.1602,-1.9424],[41.1553,-1.9467],[41.1495,-1.9529],[41.1479,-1.9533],[41.149,-1.9497],[41.1466,-1.9516],[41.1448,-1.9522],[41.1435,-1.9513],[41.143,-1.9544],[41.141,-1.9566],[41.1347,-1.9615],[41.1329,-1.9619],[41.1309,-1.9605],[41.1285,-1.9602],[41.1275,-1.9611],[41.1273,-1.9652],[41.1257,-1.966],[41.1252,-1.9629],[41.1233,-1.9603],[41.1222,-1.9602],[41.1201,-1.9647],[41.1187,-1.9652],[41.1196,-1.9705],[41.1189,-1.9729],[41.1172,-1.9722],[41.1144,-1.9674],[41.114,-1.9654],[41.1148,-1.9632],[41.1122,-1.9612],[41.1095,-1.9644],[41.104,-1.9632],[41.1041,-1.9664],[41.1031,-1.9676],[41.0965,-1.9674],[41.0959,-1.9693],[41.0934,-1.9689],[41.0927,-1.967],[41.0893,-1.9692],[41.0828,-1.9751],[41.0814,-1.9743],[41.0801,-1.9756],[41.076,-1.9768],[41.0719,-1.9812],[41.0699,-1.9824],[41.066,-1.9798],[41.0673,-1.9824],[41.0667,-1.9845],[41.0654,-1.985],[41.0668,-1.988],[41.0633,-1.9894],[41.0616,-1.9877],[41.0625,-1.9904],[41.0632,-1.9954],[41.0618,-1.9953],[41.0597,-1.9996],[41.0637,-2.0016],[41.0636,-2.003],[41.0613,-2.0033],[41.0592,-2.0027],[41.0575,-2.0055],[41.0551,-2.0058],[41.0521,-2.0051],[41.0518,-2.0071],[41.0533,-2.0098],[41.0499,-2.0108],[41.0495,-2.0137],[41.0443,-2.0143],[41.0422,-2.0168],[41.0416,-2.0211],[41.0443,-2.0227],[41.0441,-2.0235],[41.0411,-2.0252],[41.0383,-2.0252],[41.0368,-2.028],[41.0363,-2.0324],[41.0355,-2.0341],[41.0327,-2.0361],[41.0306,-2.0385],[41.0304,-2.042],[41.028,-2.0423],[41.0228,-2.0375],[41.0213,-2.0372],[41.0208,-2.0418],[41.0183,-2.0447],[41.0146,-2.0456],[41.0141,-2.0491],[41.0121,-2.0489],[41.0109,-2.0475],[41.011,-2.0451],[41.008,-2.0436],[41.007,-2.0422],[41.0089,-2.0393],[41.0085,-2.0386],[41.0101,-2.0351],[41.0081,-2.0323],[41.0076,-2.0297],[41.006,-2.0292],[41.0031,-2.032],[41.0007,-2.0331],[40.9975,-2.0328],[40.9935,-2.0352],[40.9916,-2.0341],[40.9914,-2.0309],[40.9899,-2.0293],[40.9896,-2.024],[40.9843,-2.0187],[40.9842,-2.0174],[40.9855,-2.0147],[40.9874,-2.0142],[40.991,-2.0159],[40.9913,-2.0137],[40.9902,-2.011],[40.9898,-2.0053],[40.9878,-2.0051],[40.9868,-2.0039],[40.9857,-2.0005],[40.984,-1.9994],[40.984,-1.9947],[40.9882,-1.9829],[40.9905,-1.9826],[40.9925,-1.9782],[40.9908,-1.978],[40.9901,-1.973],[40.9906,-1.9702],[40.9903,-1.9598],[40.9926,-1.9606],[40.9918,-1.9578],[40.9899,-1.9579],[40.9846,-1.9522],[40.9837,-1.9486],[40.9837,-1.9465],[40.9856,-1.9456],[40.9885,-1.9463],[40.9878,-1.9425],[40.9922,-1.9387],[40.9941,-1.9357],[40.9995,-1.9296],[41.0015,-1.9264],[41.0035,-1.921],[41.0057,-1.92],[41.0067,-1.9238],[41.0085,-1.9226],[41.0077,-1.9185],[41.01,-1.918],[41.0127,-1.9198],[41.0138,-1.9197],[41.0132,-1.918],[41.0116,-1.9173],[41.011,-1.9113],[41.0133,-1.9078],[41.0166,-1.9074],[41.0194,-1.906],[41.0233,-1.9064],[41.0236,-1.909],[41.0251,-1.9094],[41.0255,-1.9075],[41.027,-1.9063],[41.0248,-1.9054],[41.0277,-1.9018],[41.0326,-1.8995],[41.0369,-1.8954],[41.0394,-1.894],[41.0454,-1.889],[41.0468,-1.8911],[41.0481,-1.891],[41.0485,-1.8893],[41.047,-1.8881],[41.047,-1.8846],[41.05,-1.885],[41.0523,-1.881],[41.0511,-1.8756],[41.0478,-1.8747],[41.0467,-1.8727],[41.0463,-1.868],[41.0439,-1.866],[41.0409,-1.8662],[41.0386,-1.868],[41.0373,-1.8701],[41.0379,-1.8755],[41.0352,-1.8793],[41.0299,-1.8824],[41.026,-1.8856],[41.0243,-1.8893],[41.0194,-1.8934],[41.0161,-1.8944],[41.0118,-1.8941],[41.0115,-1.8916],[41.0102,-1.8923],[41.0097,-1.8966],[41.0081,-1.8961],[41.0073,-1.8941],[41.0058,-1.8938],[41.0055,-1.8897],[41.0045,-1.887],[41.0033,-1.8869],[41.0038,-1.8907],[41.0036,-1.8953],[41.0019,-1.8966],[40.9997,-1.8969],[41.0015,-1.8994],[41.0009,-1.901],[40.9977,-1.901],[40.9974,-1.9034],[41.0013,-1.903],[41.0015,-1.9039],[40.9979,-1.9065],[40.9962,-1.9084],[40.9936,-1.9098],[40.9902,-1.9098],[40.989,-1.9128],[40.9862,-1.912],[40.9838,-1.9085],[40.9819,-1.9072],[40.982,-1.9048],[40.9803,-1.9053],[40.9801,-1.907],[40.9841,-1.913],[40.9846,-1.916],[40.987,-1.9169],[40.989,-1.9204],[40.9925,-1.9185],[40.9918,-1.9202],[40.9896,-1.9224],[40.988,-1.9264],[40.9868,-1.9273],[40.9838,-1.9276],[40.9829,-1.926],[40.9786,-1.9237],[40.9768,-1.9213],[40.9746,-1.9222],[40.9771,-1.9275],[40.9765,-1.9292],[40.9745,-1.9289],[40.9695,-1.9332],[40.9671,-1.9358],[40.9663,-1.9395],[40.9614,-1.9436],[40.9622,-1.9461],[40.9644,-1.9463],[40.965,-1.9525],[40.9641,-1.9567],[40.9645,-1.9584],[40.9662,-1.9596],[40.9699,-1.9584],[40.972,-1.9598],[40.9724,-1.9618],[40.9718,-1.9639],[40.9668,-1.9695],[40.9654,-1.9736],[40.9656,-1.9756],[40.967,-1.979],[40.9696,-1.9823],[40.9699,-1.9846],[40.9634,-1.9912],[40.9623,-1.9946],[40.9628,-2.0015],[40.9605,-2.0058],[40.9566,-2.0094],[40.954,-2.014],[40.9537,-2.0174],[40.9524,-2.0221],[40.9529,-2.0245],[40.9529,-2.0295],[40.9565,-2.0298],[40.9583,-2.0328],[40.9586,-2.0344],[40.9573,-2.0364],[40.9573,-2.0416],[40.9606,-2.0436],[40.9608,-2.0463],[40.9622,-2.0483],[40.9589,-2.0481],[40.9589,-2.0561],[40.9597,-2.0589],[40.9598,-2.0639],[40.9608,-2.0652],[40.9632,-2.0654],[40.9633,-2.0669],[40.9607,-2.0677],[40.9602,-2.0717],[40.9578,-2.0714],[40.9567,-2.0689],[40.9538,-2.0685],[40.9527,-2.0663],[40.9501,-2.0692],[40.9501,-2.0738],[40.9518,-2.0758],[40.9509,-2.0769],[40.9453,-2.0765],[40.9431,-2.0759],[40.942,-2.0721],[40.9392,-2.0687],[40.9377,-2.065],[40.9397,-2.0631],[40.9402,-2.0601],[40.9429,-2.0596],[40.944,-2.0577],[40.9445,-2.0526],[40.9418,-2.0527],[40.9404,-2.0489],[40.938,-2.0471],[40.9366,-2.044],[40.9327,-2.0403],[40.9281,-2.037],[40.9257,-2.0359],[40.921,-2.0307],[40.9209,-2.0281],[40.9232,-2.0268],[40.926,-2.0264],[40.9267,-2.0246],[40.9298,-2.0266],[40.9311,-2.0266],[40.931,-2.0236],[40.9274,-2.0213],[40.9276,-2.02],[40.9315,-2.0203],[40.933,-2.0196],[40.9353,-2.0169],[40.9355,-2.0133],[40.933,-2.012],[40.931,-2.0136],[40.9204,-2.0098],[40.9199,-2.0075],[40.9209,-2.0012],[40.9193,-1.996],[40.917,-1.9947],[40.9153,-1.9921],[40.9101,-1.9902],[40.8994,-1.9895],[40.9,-1.9875],[40.9026,-1.9845],[40.902,-1.9836],[40.8995,-1.9855],[40.8952,-1.9842],[40.8964,-1.9893],[40.8955,-1.9899],[40.8894,-1.9896],[40.8859,-1.9898],[40.8796,-1.9886],[40.8755,-1.9837],[40.8746,-1.9771],[40.877,-1.9732],[40.8804,-1.9715],[40.8799,-1.9699],[40.8778,-1.97],[40.8752,-1.9717],[40.8753,-1.9684],[40.8764,-1.9667],[40.8738,-1.9622],[40.8727,-1.9592],[40.8732,-1.9511],[40.8728,-1.951],[40.8691,-1.9559],[40.8671,-1.9597],[40.8663,-1.964],[40.8675,-1.9657],[40.867,-1.9673],[40.8638,-1.9681],[40.8648,-1.9712],[40.864,-1.9717],[40.8568,-1.9692],[40.8543,-1.9678],[40.8557,-1.9644],[40.8557,-1.9583],[40.8511,-1.9527],[40.8515,-1.9464],[40.8491,-1.9465],[40.8473,-1.9449],[40.8448,-1.9446],[40.8431,-1.9409],[40.8407,-1.9406],[40.8405,-1.9377],[40.8416,-1.9348],[40.8414,-1.9314],[40.8403,-1.931],[40.8389,-1.9336],[40.8373,-1.9347],[40.836,-1.9393],[40.8364,-1.941],[40.8391,-1.9452],[40.8416,-1.9511],[40.8438,-1.953],[40.8445,-1.9553],[40.8441,-1.9579],[40.845,-1.9592],[40.8437,-1.9598],[40.8355,-1.9594],[40.8349,-1.9575],[40.832,-1.9548],[40.8299,-1.956],[40.8281,-1.9554],[40.8246,-1.9573],[40.8186,-1.9552],[40.8168,-1.9521],[40.8156,-1.9463],[40.8138,-1.9463],[40.8134,-1.9493],[40.8115,-1.952],[40.8096,-1.9524],[40.8048,-1.9501],[40.8041,-1.9486],[40.8054,-1.9467],[40.805,-1.9455],[40.8025,-1.9441],[40.798,-1.9439],[40.7916,-1.9449],[40.7867,-1.943],[40.7861,-1.9415],[40.7881,-1.9405],[40.7862,-1.9382],[40.7847,-1.9386],[40.7841,-1.9407],[40.7817,-1.9432],[40.7784,-1.9419],[40.7782,-1.9391],[40.777,-1.9391],[40.7749,-1.9408],[40.7733,-1.9392],[40.775,-1.9364],[40.7745,-1.9344],[40.7731,-1.9346],[40.7705,-1.9413],[40.7686,-1.9425],[40.7692,-1.9434],[40.7735,-1.9429],[40.7759,-1.9453],[40.78,-1.9474],[40.785,-1.9484],[40.7875,-1.9522],[40.7912,-1.9526],[40.7915,-1.9536],[40.7896,-1.9563],[40.7905,-1.957],[40.7928,-1.9555],[40.7946,-1.9563],[40.7955,-1.9601],[40.804,-1.965],[40.8105,-1.967],[40.8123,-1.9684],[40.8174,-1.9685],[40.8187,-1.9709],[40.8133,-1.9742],[40.8137,-1.9753],[40.8209,-1.9756],[40.8304,-1.9808],[40.8345,-1.9817],[40.8397,-1.9783],[40.8435,-1.9793],[40.8469,-1.9821],[40.8489,-1.9827],[40.8551,-1.9875],[40.8554,-1.9893],[40.8535,-1.9905],[40.8539,-1.9924],[40.8566,-1.9912],[40.8587,-1.9914],[40.8607,-1.993],[40.8632,-1.9927],[40.8678,-1.9971],[40.873,-2.0032],[40.8729,-2.0053],[40.8702,-2.0073],[40.8681,-2.0072],[40.8651,-2.0051],[40.8627,-2.0049],[40.8627,-2.0066],[40.8594,-2.011],[40.8568,-2.0104],[40.849,-2.0105],[40.8457,-2.0112],[40.8395,-2.0161],[40.8378,-2.0142],[40.8363,-2.015],[40.8328,-2.0137],[40.8307,-2.0146],[40.8288,-2.0165],[40.8285,-2.0189],[40.8301,-2.0201],[40.8347,-2.0183],[40.8388,-2.0185],[40.8408,-2.0194],[40.8433,-2.0191],[40.8463,-2.0169],[40.8499,-2.0164],[40.8513,-2.0175],[40.8561,-2.0181],[40.8571,-2.022],[40.8593,-2.023],[40.8651,-2.0176],[40.8658,-2.0147],[40.8671,-2.0134],[40.87,-2.0133],[40.8726,-2.0123],[40.8749,-2.0158],[40.8775,-2.0156],[40.8778,-2.0168],[40.876,-2.0194],[40.8779,-2.0207],[40.8807,-2.019],[40.8828,-2.0184],[40.8832,-2.0156],[40.8842,-2.0149],[40.8879,-2.0152],[40.8941,-2.0105],[40.8965,-2.0108],[40.8987,-2.012],[40.9014,-2.0145],[40.902,-2.0164],[40.9008,-2.0255],[40.9002,-2.0276],[40.8995,-2.037],[40.9001,-2.041],[40.9014,-2.0442],[40.9,-2.0456],[40.8973,-2.0454],[40.8952,-2.0441],[40.8929,-2.0437],[40.8919,-2.0401],[40.889,-2.0384],[40.886,-2.0379],[40.8826,-2.0355],[40.8782,-2.0345],[40.8768,-2.0352],[40.8778,-2.0365],[40.8835,-2.0406],[40.8836,-2.0422],[40.8821,-2.0435],[40.8776,-2.0437],[40.8753,-2.0453],[40.8717,-2.0436],[40.8702,-2.0439],[40.8722,-2.0463],[40.8754,-2.0471],[40.878,-2.0468],[40.8809,-2.0482],[40.882,-2.0498],[40.8855,-2.0528],[40.8872,-2.0517],[40.8895,-2.0527],[40.8894,-2.0547],[40.8904,-2.0587],[40.8935,-2.0589],[40.8934,-2.0622],[40.8911,-2.0634],[40.8884,-2.0612],[40.8851,-2.0571],[40.8833,-2.0563],[40.8795,-2.056],[40.8777,-2.0584],[40.876,-2.0621],[40.8738,-2.0644],[40.8692,-2.0648],[40.869,-2.0674],[40.8646,-2.0686],[40.86,-2.0692],[40.8538,-2.0706],[40.8539,-2.072],[40.8555,-2.0725],[40.8666,-2.0729],[40.8695,-2.0738],[40.8686,-2.0777],[40.8703,-2.0771],[40.872,-2.0734],[40.8758,-2.0705],[40.8791,-2.0692],[40.884,-2.0648],[40.8851,-2.0661],[40.8846,-2.0701],[40.8838,-2.0713],[40.8799,-2.0739],[40.8777,-2.0744],[40.8778,-2.0759],[40.8845,-2.0773],[40.8871,-2.0744],[40.8902,-2.0723],[40.8931,-2.0752],[40.8957,-2.0733],[40.8978,-2.0727],[40.8987,-2.0793],[40.8965,-2.0823],[40.8949,-2.0853],[40.896,-2.0868],[40.8999,-2.0831],[40.9024,-2.0794],[40.9049,-2.0794],[40.9067,-2.0815],[40.909,-2.0903],[40.9126,-2.0951],[40.9132,-2.0973],[40.913,-2.1058],[40.9138,-2.1093],[40.9121,-2.1184],[40.9114,-2.1257],[40.9115,-2.129],[40.9146,-2.1347],[40.9131,-2.1375],[40.9124,-2.1407],[40.9134,-2.1439],[40.9138,-2.1471],[40.9167,-2.1496],[40.9169,-2.1521],[40.9145,-2.154],[40.9163,-2.157],[40.9152,-2.1575],[40.9156,-2.16],[40.9182,-2.1624],[40.9174,-2.17],[40.9165,-2.1742],[40.916,-2.1817],[40.9162,-2.1868],[40.917,-2.1931],[40.9145,-2.197],[40.9147,-2.1987],[40.9178,-2.1985],[40.9188,-2.1998],[40.9189,-2.2089],[40.9198,-2.2104],[40.9214,-2.2161],[40.9237,-2.2188],[40.9274,-2.2204],[40.9256,-2.2225],[40.9229,-2.2226],[40.9203,-2.2218],[40.9116,-2.2166],[40.9092,-2.2163],[40.9063,-2.2138],[40.9039,-2.2141],[40.9011,-2.2115],[40.9011,-2.2097],[40.9027,-2.2082],[40.903,-2.2043],[40.9011,-2.202],[40.8993,-2.2024],[40.8978,-2.2048],[40.8963,-2.205],[40.8923,-2.2004],[40.8898,-2.2054],[40.8879,-2.2055],[40.8855,-2.2004],[40.8863,-2.1992],[40.8895,-2.1987],[40.8889,-2.1909],[40.8877,-2.1888],[40.8834,-2.1883],[40.883,-2.1892],[40.8828,-2.196],[40.8808,-2.1985],[40.8777,-2.2],[40.8752,-2.2],[40.8725,-2.2014],[40.8705,-2.2036],[40.8712,-2.2051],[40.8734,-2.2058],[40.8755,-2.2046],[40.8786,-2.2044],[40.8796,-2.2054],[40.879,-2.2102],[40.8801,-2.2135],[40.8816,-2.2158],[40.8791,-2.2154],[40.8755,-2.2132],[40.8735,-2.2126],[40.8684,-2.2122],[40.8656,-2.2127],[40.8611,-2.2128],[40.8603,-2.2146],[40.8623,-2.2162],[40.87,-2.2179],[40.8704,-2.2212],[40.8775,-2.2214],[40.8772,-2.2237],[40.8741,-2.2237],[40.8742,-2.2253],[40.8767,-2.2268],[40.8761,-2.2275],[40.8697,-2.2248],[40.8674,-2.2258],[40.8666,-2.2284],[40.8652,-2.2301],[40.8609,-2.2331],[40.8629,-2.234],[40.8666,-2.2339],[40.8693,-2.2326],[40.8742,-2.232],[40.8757,-2.233],[40.8745,-2.2339],[40.8702,-2.234],[40.8677,-2.2356],[40.8613,-2.2364],[40.8609,-2.2384],[40.8597,-2.2393],[40.8551,-2.2361],[40.853,-2.2356],[40.8488,-2.236],[40.8439,-2.2383],[40.8415,-2.2387],[40.8315,-2.2454],[40.8283,-2.2455],[40.8271,-2.2442],[40.8278,-2.2432],[40.8307,-2.2428],[40.833,-2.2402],[40.8339,-2.2379],[40.8359,-2.2372],[40.8398,-2.2345],[40.8394,-2.2332],[40.8357,-2.2306],[40.8332,-2.2316],[40.8286,-2.229],[40.8246,-2.2315],[40.821,-2.2301],[40.8154,-2.2322],[40.8101,-2.2366],[40.8079,-2.2376],[40.8045,-2.2383],[40.8017,-2.2403],[40.8009,-2.2349],[40.798,-2.2347],[40.7951,-2.2355],[40.7918,-2.2381],[40.7896,-2.2423],[40.791,-2.243],[40.7951,-2.2402],[40.7977,-2.2411],[40.7995,-2.2455],[40.8018,-2.2462],[40.7997,-2.2487],[40.797,-2.2498],[40.7943,-2.2501],[40.7928,-2.2528],[40.7901,-2.2554],[40.7885,-2.2545],[40.7872,-2.2568],[40.7853,-2.2577],[40.7845,-2.2605],[40.7817,-2.2612],[40.7793,-2.2597],[40.7795,-2.2566],[40.7791,-2.251],[40.7767,-2.2501],[40.7779,-2.2467],[40.7755,-2.2486],[40.7747,-2.2525],[40.7714,-2.252],[40.7716,-2.247],[40.7706,-2.2454],[40.7709,-2.2404],[40.7693,-2.2419],[40.7666,-2.2475],[40.764,-2.2478],[40.763,-2.2488],[40.7647,-2.2514],[40.7622,-2.2539],[40.7606,-2.2546],[40.7572,-2.2541],[40.7552,-2.2527],[40.752,-2.2524],[40.7513,-2.2504],[40.7496,-2.249],[40.7495,-2.2381],[40.7476,-2.2345],[40.7483,-2.2325],[40.7472,-2.2303],[40.7469,-2.2277],[40.7459,-2.228],[40.7465,-2.2332],[40.7458,-2.2367],[40.7464,-2.2427],[40.7461,-2.2444],[40.7445,-2.2455],[40.7429,-2.2441],[40.7386,-2.2423],[40.7376,-2.2386],[40.7337,-2.2385],[40.7319,-2.2377],[40.7306,-2.2359],[40.7293,-2.2317],[40.7299,-2.229],[40.7312,-2.228],[40.731,-2.2266],[40.7277,-2.2212],[40.7267,-2.2222],[40.7281,-2.2257],[40.7279,-2.2284],[40.7258,-2.2288],[40.7216,-2.2228],[40.7207,-2.2187],[40.7182,-2.2187],[40.7161,-2.2161],[40.7123,-2.2151],[40.71,-2.2107],[40.7067,-2.2064],[40.7045,-2.205],[40.7026,-2.2063],[40.7092,-2.2141],[40.7105,-2.2173],[40.7127,-2.2176],[40.7183,-2.223],[40.7207,-2.2278],[40.7231,-2.2301],[40.7272,-2.2394],[40.7277,-2.2432],[40.7254,-2.251],[40.7243,-2.2511],[40.7219,-2.2493],[40.7217,-2.253],[40.719,-2.2539],[40.7176,-2.257],[40.7161,-2.2585],[40.714,-2.2573],[40.7126,-2.2579],[40.7095,-2.2571],[40.7067,-2.2595],[40.7057,-2.2578],[40.7034,-2.2566],[40.7019,-2.254],[40.7,-2.2546],[40.7007,-2.2563],[40.7044,-2.2598],[40.7061,-2.2625],[40.7092,-2.2645],[40.7115,-2.2639],[40.7121,-2.2613],[40.7152,-2.2614],[40.7175,-2.2626],[40.7208,-2.2614],[40.7227,-2.2632],[40.7246,-2.2665],[40.7257,-2.2672],[40.7303,-2.2633],[40.7337,-2.2611],[40.7361,-2.2612],[40.7383,-2.2634],[40.7393,-2.2667],[40.7417,-2.2679],[40.7426,-2.2651],[40.7436,-2.2654],[40.7454,-2.2697],[40.7496,-2.2721],[40.749,-2.2744],[40.7451,-2.2721],[40.7434,-2.2721],[40.7421,-2.2736],[40.744,-2.2758],[40.7441,-2.2776],[40.7427,-2.2782],[40.7404,-2.2748],[40.7397,-2.2758],[40.7398,-2.2811],[40.7384,-2.2834],[40.7418,-2.2871],[40.7438,-2.2857],[40.7444,-2.2875],[40.7461,-2.2882],[40.7468,-2.2868],[40.7482,-2.2872],[40.7483,-2.2904],[40.7495,-2.2918],[40.7521,-2.2975],[40.7537,-2.3002],[40.7567,-2.3029],[40.7583,-2.306],[40.7575,-2.3081],[40.7562,-2.3056],[40.7552,-2.3052],[40.7547,-2.3076],[40.7529,-2.3063],[40.7498,-2.2989],[40.7494,-2.2958],[40.7478,-2.2948],[40.7455,-2.296],[40.7429,-2.2932],[40.7407,-2.2932],[40.7382,-2.2907],[40.7342,-2.2896],[40.7297,-2.2857],[40.7278,-2.2871],[40.7267,-2.2857],[40.7274,-2.2833],[40.7264,-2.2812],[40.7304,-2.2763],[40.7276,-2.2752],[40.7255,-2.273],[40.7244,-2.2761],[40.7223,-2.2786],[40.7176,-2.2771],[40.7153,-2.2774],[40.7154,-2.2737],[40.7127,-2.2719],[40.7102,-2.2732],[40.7066,-2.2724],[40.7064,-2.2733],[40.7089,-2.2792],[40.7104,-2.2803],[40.712,-2.2829],[40.7122,-2.2849],[40.7089,-2.2837],[40.7073,-2.2845],[40.7056,-2.2808],[40.7028,-2.2831],[40.7009,-2.2817],[40.7015,-2.2843],[40.6984,-2.2843],[40.6986,-2.2868],[40.6968,-2.2882],[40.6934,-2.289],[40.6895,-2.2886],[40.6891,-2.2904],[40.6934,-2.291],[40.6942,-2.2931],[40.6956,-2.2924],[40.6979,-2.2936],[40.699,-2.2925],[40.7013,-2.2938],[40.7026,-2.2965],[40.7054,-2.2984],[40.7052,-2.3017],[40.7015,-2.303],[40.7006,-2.3044],[40.702,-2.3064],[40.7038,-2.307],[40.7069,-2.3101],[40.708,-2.3101],[40.7094,-2.3072],[40.7124,-2.306],[40.7126,-2.309],[40.7178,-2.3099],[40.7254,-2.3119],[40.7271,-2.3119],[40.7277,-2.309],[40.7254,-2.3075],[40.727,-2.3059],[40.7288,-2.3066],[40.7317,-2.309],[40.7344,-2.3096],[40.7413,-2.3131],[40.7452,-2.3141],[40.7478,-2.3157],[40.7494,-2.3158],[40.7527,-2.3143],[40.7561,-2.3186],[40.7589,-2.3193],[40.7591,-2.3217],[40.7588,-2.3266],[40.7595,-2.3319],[40.7609,-2.3361],[40.7629,-2.338],[40.7632,-2.3406],[40.7651,-2.3433],[40.7652,-2.3456],[40.7637,-2.3488],[40.7643,-2.3511],[40.7671,-2.352],[40.7678,-2.3501],[40.7694,-2.3501],[40.7731,-2.3531],[40.7734,-2.3548],[40.7722,-2.3556],[40.7699,-2.3593],[40.7717,-2.3598],[40.773,-2.3625],[40.7748,-2.3596],[40.7764,-2.3599],[40.7758,-2.3623],[40.7782,-2.3644],[40.7782,-2.3661],[40.7763,-2.3677],[40.7739,-2.3683],[40.7732,-2.3714],[40.7705,-2.3688],[40.7693,-2.3706],[40.7663,-2.3716],[40.7678,-2.3742],[40.7664,-2.3762],[40.7694,-2.379],[40.768,-2.382],[40.7678,-2.3882],[40.7651,-2.39],[40.7633,-2.3926],[40.7591,-2.395],[40.759,-2.3966],[40.7605,-2.3967],[40.7647,-2.3938],[40.7658,-2.3918],[40.7676,-2.3909],[40.772,-2.3955],[40.773,-2.3931],[40.7717,-2.3894],[40.7726,-2.3862],[40.7714,-2.3836],[40.772,-2.3822],[40.7753,-2.3821],[40.777,-2.3842],[40.7788,-2.3838],[40.779,-2.3803],[40.7867,-2.3723],[40.7872,-2.3702],[40.7861,-2.3647],[40.7871,-2.3626],[40.7907,-2.3614],[40.7904,-2.3594],[40.7882,-2.3578],[40.7896,-2.3568],[40.7898,-2.3538],[40.7882,-2.3525],[40.7894,-2.3508],[40.7878,-2.3492],[40.7876,-2.3473],[40.7891,-2.3474],[40.7932,-2.3515],[40.7954,-2.3526],[40.797,-2.351],[40.797,-2.347],[40.7961,-2.3434],[40.7971,-2.3441],[40.7989,-2.3482],[40.8007,-2.3512],[40.8057,-2.3551],[40.8077,-2.3558],[40.8157,-2.3566],[40.8172,-2.3575],[40.8199,-2.3609],[40.8213,-2.3635],[40.8221,-2.3677],[40.8232,-2.3704],[40.8236,-2.3785],[40.8226,-2.3837],[40.8232,-2.3872],[40.8226,-2.3892],[40.8187,-2.3937],[40.8121,-2.3979],[40.8071,-2.4015],[40.7977,-2.4096],[40.7878,-2.4169],[40.783,-2.4211],[40.7763,-2.4279],[40.7721,-2.4332],[40.7698,-2.4393],[40.7704,-2.4465],[40.7699,-2.4498],[40.7681,-2.4514],[40.7584,-2.4502],[40.7514,-2.4507],[40.7398,-2.4537],[40.7342,-2.4562],[40.7295,-2.4585],[40.7221,-2.4625],[40.7089,-2.4704],[40.7018,-2.4755],[40.6964,-2.4789],[40.6909,-2.4842],[40.6852,-2.4887],[40.6788,-2.4943],[40.6669,-2.5067],[40.6572,-2.5182],[40.6483,-2.5302],[40.6458,-2.5329],[40.6387,-2.5389],[40.62,-2.5516],[40.6174,-2.552],[40.6144,-2.5545],[40.6082,-2.5585],[40.605,-2.5576],[40.6011,-2.5573],[40.5967,-2.5556],[40.5942,-2.5536],[40.5896,-2.5532],[40.578,-2.5501],[40.5725,-2.5492],[40.5702,-2.5482],[40.5673,-2.5453],[40.5648,-2.5437],[40.5628,-2.5414],[40.5604,-2.541],[40.5574,-2.5388],[40.5517,-2.5384],[40.5474,-2.5368],[40.5428,-2.5355],[40.5407,-2.5342],[40.5381,-2.5338],[40.5288,-2.5283],[40.5232,-2.5259],[40.5208,-2.5214],[40.5195,-2.5164],[40.5187,-2.5109],[40.5188,-2.5085],[40.5197,-2.5085],[40.5222,-2.5115],[40.5231,-2.5109],[40.5227,-2.5068],[40.5231,-2.5046],[40.5248,-2.5042],[40.5246,-2.5026],[40.5211,-2.4998],[40.5197,-2.4969],[40.5215,-2.4963],[40.5233,-2.4976],[40.5242,-2.4966],[40.5228,-2.4951],[40.5203,-2.4942],[40.5171,-2.4942],[40.5135,-2.4953],[40.5114,-2.4967],[40.5111,-2.4984],[40.5127,-2.4995],[40.5174,-2.4989],[40.5188,-2.5018],[40.5173,-2.5019],[40.5151,-2.5008],[40.5116,-2.5021],[40.5081,-2.5015],[40.5079,-2.4969],[40.5042,-2.4987],[40.5035,-2.4978],[40.5031,-2.494],[40.5037,-2.4905],[40.5034,-2.4882],[40.5013,-2.4864],[40.4993,-2.4857],[40.499,-2.488],[40.4972,-2.4918],[40.4966,-2.4971],[40.4982,-2.4983],[40.4975,-2.4999],[40.4931,-2.4991],[40.4937,-2.4955],[40.4908,-2.4905],[40.4895,-2.4863],[40.4893,-2.4824],[40.4878,-2.4826],[40.4868,-2.4851],[40.4888,-2.4884],[40.4892,-2.4911],[40.4878,-2.4915],[40.4831,-2.4868],[40.4804,-2.4849],[40.4786,-2.4874],[40.4825,-2.4892],[40.4853,-2.4924],[40.4815,-2.4945],[40.4802,-2.4987],[40.4788,-2.4987],[40.4776,-2.4971],[40.4754,-2.499],[40.469,-2.5009],[40.4652,-2.5028],[40.4638,-2.5047],[40.4617,-2.5059],[40.459,-2.5109],[40.4567,-2.5132],[40.4546,-2.5181],[40.4547,-2.5222],[40.4523,-2.5237],[40.4499,-2.5229],[40.4466,-2.5231],[40.4433,-2.5268],[40.4426,-2.5306],[40.4438,-2.5324],[40.4477,-2.5335],[40.4483,-2.5364],[40.4527,-2.5372],[40.4566,-2.5371],[40.4593,-2.5345],[40.4627,-2.5337],[40.4678,-2.5316],[40.4742,-2.531],[40.4772,-2.5301],[40.482,-2.5264],[40.4858,-2.5248],[40.4933,-2.5191],[40.4957,-2.5188],[40.4983,-2.5199],[40.5046,-2.5234],[40.507,-2.5227],[40.5139,-2.5264],[40.5192,-2.5284],[40.5182,-2.53],[40.5118,-2.5305],[40.4997,-2.5308],[40.49,-2.5319],[40.4709,-2.5358],[40.4492,-2.5416],[40.4418,-2.5439],[40.4358,-2.5463],[40.4249,-2.5513],[40.4079,-2.5581],[40.4032,-2.5604],[40.3975,-2.5626],[40.386,-2.5679],[40.3697,-2.5759],[40.3528,-2.5864],[40.3471,-2.5881],[40.3457,-2.5874],[40.3434,-2.5878],[40.3422,-2.589],[40.3411,-2.5919],[40.3375,-2.5948],[40.3306,-2.5986],[40.3264,-2.6015],[40.3153,-2.6087],[40.3056,-2.6157],[40.3004,-2.6191],[40.2955,-2.6229],[40.269,-2.6448],[40.264,-2.6459],[40.2631,-2.6467],[40.2614,-2.6517],[40.2502,-2.663],[40.2486,-2.6642],[40.2395,-2.6736],[40.2323,-2.6815],[40.2273,-2.6874],[40.2219,-2.6944],[40.2116,-2.7095],[40.2054,-2.7189],[40.1999,-2.7278],[40.1987,-2.7311],[40.1972,-2.7328],[40.1926,-2.7319],[40.1929,-2.7302],[40.1956,-2.7289],[40.1974,-2.7222],[40.1973,-2.721],[40.1947,-2.7185],[40.1949,-2.7175],[40.1992,-2.7149],[40.1987,-2.7136],[40.1914,-2.7135],[40.1917,-2.7118],[40.1956,-2.712],[40.1958,-2.71],[40.198,-2.7091],[40.2007,-2.7044],[40.1996,-2.7031],[40.2019,-2.7028],[40.2029,-2.7013],[40.2011,-2.701],[40.1997,-2.6987],[40.2045,-2.6951],[40.2044,-2.6939],[40.2015,-2.6901],[40.2009,-2.6884],[40.2008,-2.685],[40.2031,-2.6796],[40.2007,-2.679],[40.1969,-2.6821],[40.1953,-2.6815],[40.1885,-2.6816],[40.1854,-2.6822],[40.1837,-2.6835],[40.1835,-2.6884],[40.1817,-2.6901],[40.1812,-2.6918],[40.178,-2.6963],[40.1784,-2.6993],[40.1772,-2.7006],[40.1761,-2.7036],[40.1763,-2.705],[40.1795,-2.7062],[40.1822,-2.7038],[40.1834,-2.702],[40.1852,-2.7012],[40.188,-2.7049],[40.1907,-2.7059],[40.1906,-2.7071],[40.1867,-2.708],[40.1805,-2.7142],[40.18,-2.717],[40.1795,-2.7226],[40.1811,-2.7269],[40.1809,-2.7303],[40.1777,-2.7368],[40.1735,-2.7396],[40.1689,-2.74],[40.1676,-2.7374],[40.1676,-2.7337],[40.1664,-2.7333],[40.1644,-2.7348],[40.1611,-2.7325],[40.1605,-2.7311],[40.1588,-2.7309],[40.1584,-2.7325],[40.1606,-2.734],[40.1648,-2.7385],[40.1653,-2.74],[40.165,-2.7435],[40.1672,-2.7442],[40.1691,-2.7456],[40.1695,-2.7428],[40.1717,-2.742],[40.1731,-2.7429],[40.1718,-2.7461],[40.1714,-2.7519],[40.1726,-2.7552],[40.1746,-2.7576],[40.1734,-2.7588],[40.1731,-2.7615],[40.1721,-2.763],[40.1705,-2.7626],[40.1687,-2.7642],[40.1676,-2.767],[40.1654,-2.766],[40.1661,-2.7625],[40.1649,-2.7576],[40.1637,-2.7587],[40.163,-2.766],[40.159,-2.7697],[40.1602,-2.7709],[40.1637,-2.7716],[40.1667,-2.7735],[40.1673,-2.776],[40.1648,-2.7765],[40.164,-2.7789],[40.1606,-2.7766],[40.1589,-2.7766],[40.1577,-2.7782],[40.1578,-2.783],[40.1595,-2.7846],[40.1594,-2.7869],[40.1552,-2.7886],[40.1549,-2.7922],[40.1605,-2.7917],[40.1622,-2.7929],[40.1637,-2.7985],[40.165,-2.799],[40.1661,-2.7975],[40.1666,-2.793],[40.168,-2.793],[40.1684,-2.7958],[40.1695,-2.7985],[40.1714,-2.7996],[40.1726,-2.8041],[40.1765,-2.8118],[40.1792,-2.814],[40.1801,-2.8161],[40.1783,-2.8234],[40.1767,-2.8247],[40.1758,-2.8269],[40.1772,-2.8313],[40.177,-2.8348],[40.1746,-2.8389],[40.1744,-2.8418],[40.1754,-2.846],[40.1744,-2.8498],[40.1713,-2.8522],[40.1694,-2.8544],[40.1683,-2.8573],[40.1674,-2.8636],[40.1645,-2.8718],[40.1639,-2.8752],[40.1642,-2.8775],[40.1629,-2.8818],[40.1596,-2.881],[40.1585,-2.88],[40.1585,-2.8761],[40.1546,-2.8734],[40.1527,-2.8709],[40.1522,-2.8738],[40.1532,-2.8773],[40.1536,-2.8813],[40.1555,-2.8834],[40.1558,-2.8847],[40.1533,-2.8908],[40.1507,-2.8907],[40.1469,-2.8855],[40.1458,-2.8868],[40.1464,-2.8899],[40.1447,-2.8928],[40.1456,-2.8971],[40.1439,-2.8991],[40.1439,-2.9011],[40.1467,-2.9015],[40.148,-2.9032],[40.1508,-2.9043],[40.1522,-2.906],[40.1513,-2.9087],[40.1486,-2.9097],[40.1495,-2.9109],[40.1491,-2.9163],[40.1513,-2.9178],[40.1537,-2.9163],[40.1571,-2.9158],[40.1582,-2.9148],[40.1595,-2.9157],[40.1568,-2.9235],[40.1565,-2.9319],[40.1577,-2.9355],[40.1574,-2.9364],[40.1535,-2.9368],[40.1505,-2.9399],[40.1511,-2.955],[40.151,-2.957],[40.1521,-2.9616],[40.1522,-2.9638],[40.1508,-2.9684],[40.1519,-2.9732],[40.1541,-2.9764],[40.1562,-2.9821],[40.1574,-2.9865],[40.1587,-2.9882],[40.1594,-2.9924],[40.1592,-2.9973],[40.1585,-2.9994],[40.1502,-2.9999],[40.1486,-3.0011],[40.1481,-3.0047],[40.1478,-3.0113],[40.1463,-3.0145],[40.1437,-3.0165],[40.1426,-3.0243],[40.1439,-3.0249],[40.1462,-3.0287],[40.1439,-3.0347],[40.1448,-3.0394],[40.1448,-3.0431],[40.1461,-3.0451],[40.1494,-3.0435],[40.1497,-3.0408],[40.1518,-3.0423],[40.1536,-3.0426],[40.1553,-3.0413],[40.1571,-3.0355],[40.1583,-3.0343],[40.1603,-3.0346],[40.1637,-3.0334],[40.1654,-3.0305],[40.1662,-3.0248],[40.1673,-3.0209],[40.1683,-3.0196],[40.1733,-3.016],[40.1787,-3.0107],[40.1823,-3.0025],[40.184,-2.9952],[40.1856,-2.9928],[40.1925,-2.9927],[40.1969,-2.9896],[40.2019,-2.9889],[40.2065,-2.9914],[40.208,-2.991],[40.2141,-2.991],[40.2159,-2.9895],[40.2226,-2.9853],[40.2242,-2.9827],[40.2263,-2.981],[40.2272,-2.9818],[40.2279,-2.9794],[40.2305,-2.9772],[40.2354,-2.9768],[40.238,-2.9758],[40.2394,-2.9782],[40.2392,-2.9809],[40.2399,-2.9825],[40.24,-2.9861],[40.2391,-2.9892],[40.2373,-2.9928],[40.2357,-2.9934],[40.2349,-2.9916],[40.2329,-2.99],[40.2298,-2.9921],[40.2264,-2.9964],[40.2208,-3.0006],[40.2145,-3.0008],[40.2088,-3.003],[40.2044,-3.0057],[40.2007,-3.0092],[40.1973,-3.0143],[40.1957,-3.0195],[40.1965,-3.0237],[40.1956,-3.028],[40.1864,-3.0308],[40.181,-3.0337],[40.1764,-3.0375],[40.1737,-3.0405],[40.1709,-3.0462],[40.1697,-3.0502],[40.1697,-3.0561],[40.1727,-3.0623],[40.1726,-3.0645],[40.1699,-3.0685],[40.1657,-3.0703],[40.1613,-3.0729],[40.1586,-3.0751],[40.1551,-3.0799],[40.1534,-3.0849],[40.1542,-3.0875],[40.1581,-3.0928],[40.1591,-3.0963],[40.1596,-3.1045],[40.1604,-3.1079],[40.1601,-3.1172],[40.1619,-3.1229],[40.1619,-3.1258],[40.1604,-3.1291],[40.1579,-3.1317],[40.1531,-3.1353],[40.1483,-3.1408],[40.1424,-3.1498],[40.1383,-3.1564],[40.1373,-3.1573],[40.1355,-3.1567],[40.1316,-3.1529],[40.129,-3.1496],[40.1262,-3.1472],[40.1252,-3.1476],[40.1267,-3.1499],[40.1305,-3.1539],[40.1319,-3.1575],[40.1304,-3.1623],[40.1311,-3.1636],[40.1323,-3.1601],[40.1339,-3.1604],[40.1338,-3.163],[40.1329,-3.1655],[40.1309,-3.1679],[40.1247,-3.1766],[40.1208,-3.1842],[40.1192,-3.1881],[40.1172,-3.1963],[40.1169,-3.2031],[40.1175,-3.2077],[40.1206,-3.2123],[40.1236,-3.2154],[40.1262,-3.2189],[40.1262,-3.2203],[40.1279,-3.2221],[40.1287,-3.2212],[40.1272,-3.23],[40.1273,-3.2331],[40.1266,-3.2365],[40.1259,-3.246],[40.1278,-3.2464],[40.1291,-3.2504],[40.1322,-3.2532],[40.1294,-3.2602],[40.1302,-3.2617],[40.1278,-3.2643],[40.1277,-3.2653],[40.1254,-3.267],[40.123,-3.272],[40.1248,-3.2752],[40.1226,-3.2786],[40.1208,-3.2838],[40.1204,-3.2869],[40.1188,-3.2893],[40.1158,-3.2906],[40.1156,-3.292],[40.1063,-3.3001],[40.0983,-3.3048],[40.0957,-3.3067],[40.0929,-3.308],[40.0911,-3.3096],[40.0885,-3.3108],[40.0868,-3.3123],[40.0806,-3.3152],[40.0736,-3.3173],[40.0699,-3.3215],[40.0663,-3.3237],[40.0608,-3.3288],[40.0533,-3.3346],[40.0418,-3.3398],[40.0405,-3.3399],[40.0364,-3.3433],[40.0375,-3.3455],[40.0351,-3.3466],[40.0325,-3.3454],[40.0336,-3.3468],[40.0302,-3.3498],[40.0263,-3.3524],[40.0267,-3.35],[40.0246,-3.3496],[40.0256,-3.352],[40.0195,-3.356],[40.0178,-3.3564],[40.0157,-3.3583],[40.0161,-3.3558],[40.0138,-3.3558],[40.0147,-3.3591],[40.0119,-3.3609],[40.0107,-3.3607],[40.0113,-3.359],[40.0082,-3.3598],[40.0019,-3.3644],[40.0007,-3.3658],[39.9966,-3.3687],[39.9932,-3.3719],[39.9828,-3.3793],[39.976,-3.3855],[39.9724,-3.3869],[39.9702,-3.3866],[39.9685,-3.3849],[39.9696,-3.3832],[39.9696,-3.3805],[39.9708,-3.3796],[39.9709,-3.3742],[39.9756,-3.3714],[39.9768,-3.3695],[39.9784,-3.369],[39.9819,-3.3661],[39.9842,-3.3669],[39.9853,-3.3685],[39.9884,-3.3671],[39.9897,-3.3658],[39.9912,-3.3666],[39.9916,-3.3687],[39.9949,-3.3665],[39.997,-3.3644],[39.9952,-3.3618],[39.9942,-3.3621],[39.9917,-3.3648],[39.9896,-3.3627],[39.9917,-3.3583],[39.9915,-3.3571],[39.9886,-3.3548],[39.9904,-3.3542],[39.9923,-3.3507],[39.9893,-3.3449],[39.9888,-3.3407],[39.9871,-3.3391],[39.9864,-3.3371],[39.9844,-3.3357],[39.9829,-3.3333],[39.9828,-3.3302],[39.9843,-3.3274],[39.9871,-3.3235],[39.9902,-3.3207],[39.9917,-3.3211],[39.9948,-3.3177],[39.9959,-3.3129],[39.9934,-3.3127],[39.9919,-3.3142],[39.9899,-3.3133],[39.9885,-3.3141],[39.9892,-3.3176],[39.9854,-3.3186],[39.9774,-3.3183],[39.9721,-3.3195],[39.9628,-3.3242],[39.9609,-3.3244],[39.9549,-3.3267],[39.9512,-3.3289],[39.949,-3.3316],[39.9491,-3.3349],[39.9485,-3.3359],[39.9509,-3.3382],[39.9515,-3.3378],[39.9548,-3.34],[39.9537,-3.3438],[39.9505,-3.3449],[39.947,-3.3482],[39.9463,-3.3466],[39.9445,-3.3456],[39.9393,-3.3455],[39.9372,-3.3474],[39.9365,-3.3507],[39.9367,-3.3561],[39.9373,-3.358],[39.9376,-3.3628],[39.9398,-3.3653],[39.937,-3.3672],[39.9355,-3.3674],[39.9336,-3.3706],[39.9364,-3.3738],[39.9405,-3.3717],[39.9432,-3.3731],[39.9427,-3.3769],[39.9398,-3.3792],[39.9384,-3.3825],[39.9359,-3.3843],[39.9346,-3.3883],[39.9354,-3.3886],[39.9377,-3.3869],[39.9383,-3.3852],[39.942,-3.3801],[39.9447,-3.3773],[39.9464,-3.377],[39.9476,-3.3781],[39.9513,-3.3846],[39.9567,-3.3866],[39.96,-3.3866],[39.9625,-3.3885],[39.9641,-3.3881],[39.9655,-3.3894],[39.9657,-3.3914],[39.9645,-3.3968],[39.9647,-3.3994],[39.9665,-3.4012],[39.9681,-3.401],[39.9664,-3.4079],[39.964,-3.4111],[39.9603,-3.4171],[39.9597,-3.4211],[39.9581,-3.4231],[39.9574,-3.427],[39.9555,-3.4305],[39.9547,-3.4339],[39.9525,-3.4369],[39.9495,-3.4425],[39.9484,-3.4456],[39.9457,-3.4514],[39.9433,-3.4555],[39.9414,-3.4577],[39.9407,-3.4607],[39.9385,-3.4662],[39.9369,-3.4692],[39.9356,-3.475],[39.9316,-3.4807],[39.9264,-3.4898],[39.9249,-3.4956],[39.9247,-3.4997],[39.9229,-3.502],[39.9222,-3.5054],[39.9202,-3.5103],[39.9202,-3.5126],[39.9178,-3.5179],[39.9174,-3.5206],[39.9147,-3.5253],[39.9145,-3.5267],[39.9106,-3.5364],[39.9087,-3.5426],[39.9074,-3.5485],[39.9058,-3.5517],[39.9048,-3.5557],[39.9031,-3.5595],[39.9,-3.5673],[39.8981,-3.5706],[39.8975,-3.5729],[39.895,-3.574],[39.8931,-3.5756],[39.8927,-3.5801],[39.892,-3.5825],[39.889,-3.588],[39.8885,-3.5906],[39.8865,-3.594],[39.8839,-3.5996],[39.882,-3.6051],[39.879,-3.6104],[39.8753,-3.6146],[39.8751,-3.6174],[39.8726,-3.6217],[39.8696,-3.6286],[39.868,-3.6306],[39.8645,-3.6336],[39.8599,-3.6334],[39.8562,-3.6337],[39.8533,-3.6319],[39.8483,-3.6311],[39.8443,-3.631],[39.8426,-3.6296],[39.8409,-3.6264],[39.8385,-3.6236],[39.8352,-3.6209],[39.8305,-3.6203],[39.8276,-3.6178],[39.8249,-3.6148],[39.8245,-3.6123],[39.8219,-3.6082],[39.8187,-3.6058],[39.8134,-3.6025],[39.8114,-3.6021],[39.8034,-3.6021],[39.7998,-3.6015],[39.7961,-3.6035],[39.7934,-3.6036],[39.7917,-3.6046],[39.7904,-3.6018],[39.7893,-3.602],[39.7874,-3.6077],[39.7824,-3.6085],[39.7807,-3.6068],[39.7791,-3.6038],[39.7788,-3.6011],[39.7793,-3.5986],[39.7789,-3.5955],[39.7774,-3.5933],[39.779,-3.5932],[39.781,-3.5954],[39.7821,-3.5942],[39.7804,-3.5925],[39.7801,-3.5897],[39.7814,-3.5838],[39.786,-3.5839],[39.7874,-3.5817],[39.7862,-3.5778],[39.7849,-3.5763],[39.7827,-3.5784],[39.7805,-3.5781],[39.776,-3.5825],[39.7751,-3.5845],[39.775,-3.5875],[39.7721,-3.5878],[39.7716,-3.5894],[39.773,-3.5934],[39.7717,-3.5965],[39.7718,-3.5978],[39.7744,-3.6008],[39.774,-3.6024],[39.7765,-3.6047],[39.7793,-3.6094],[39.7822,-3.6107],[39.7872,-3.6111],[39.7927,-3.6124],[39.7959,-3.6104],[39.7977,-3.6111],[39.8032,-3.611],[39.8038,-3.6122],[39.8039,-3.6179],[39.8068,-3.6215],[39.809,-3.6213],[39.8068,-3.6235],[39.8044,-3.6234],[39.7962,-3.6255],[39.7938,-3.6247],[39.7924,-3.6211],[39.7887,-3.6186],[39.785,-3.6183],[39.7837,-3.6169],[39.781,-3.6193],[39.7793,-3.6222],[39.7801,-3.6233],[39.7835,-3.6224],[39.7869,-3.6267],[39.7887,-3.6277],[39.7889,-3.6299],[39.7933,-3.6325],[39.7943,-3.6359],[39.7933,-3.6372],[39.7957,-3.6404],[39.7957,-3.6434],[39.7966,-3.6439],[39.7972,-3.6418],[39.8013,-3.6393],[39.8029,-3.6425],[39.8046,-3.6439],[39.8048,-3.6466],[39.806,-3.6465],[39.8073,-3.644],[39.8109,-3.645],[39.8117,-3.6444],[39.8179,-3.6455],[39.8197,-3.6444],[39.8208,-3.6405],[39.8236,-3.6385],[39.8253,-3.6365],[39.8252,-3.6342],[39.8268,-3.6334],[39.8271,-3.6373],[39.8294,-3.6365],[39.8295,-3.6346],[39.8323,-3.6336],[39.8357,-3.6298],[39.837,-3.6301],[39.8372,-3.6329],[39.8404,-3.6334],[39.8428,-3.6356],[39.8451,-3.6361],[39.8488,-3.6341],[39.8504,-3.6345],[39.8566,-3.638],[39.8585,-3.638],[39.8618,-3.6404],[39.8625,-3.6434],[39.8646,-3.6465],[39.8648,-3.6482],[39.8669,-3.6523],[39.8665,-3.6539],[39.8671,-3.658],[39.8675,-3.6658],[39.8667,-3.6707],[39.8646,-3.6749],[39.8597,-3.6777],[39.8578,-3.6765],[39.8553,-3.6767],[39.8548,-3.6783],[39.8523,-3.6775],[39.8507,-3.6781],[39.8445,-3.6757],[39.8402,-3.6735],[39.8387,-3.6745],[39.8392,-3.6781],[39.8367,-3.6791],[39.8368,-3.6807],[39.8354,-3.6816],[39.8362,-3.6826],[39.8384,-3.6824],[39.8385,-3.6799],[39.8403,-3.6783],[39.8401,-3.6758],[39.8411,-3.6753],[39.8462,-3.6779],[39.8493,-3.6787],[39.8512,-3.6801],[39.8525,-3.6792],[39.8541,-3.6802],[39.8559,-3.6796],[39.856,-3.6777],[39.858,-3.6774],[39.8588,-3.6787],[39.861,-3.6781],[39.8627,-3.6766],[39.8643,-3.6766],[39.867,-3.6788],[39.8669,-3.6821],[39.8681,-3.6841],[39.8686,-3.6904],[39.8693,-3.6926],[39.8689,-3.6957],[39.8656,-3.7039],[39.8637,-3.7074],[39.8603,-3.7115],[39.8596,-3.7134],[39.8611,-3.7152],[39.8599,-3.7194],[39.8567,-3.7225],[39.8555,-3.7254],[39.8552,-3.7295],[39.854,-3.7327],[39.8538,-3.7372],[39.8529,-3.7416],[39.8501,-3.7435],[39.8465,-3.7531],[39.8458,-3.7562],[39.8435,-3.7612],[39.8427,-3.7665],[39.8429,-3.7698],[39.8419,-3.7709],[39.8418,-3.7734],[39.8398,-3.7767],[39.8387,-3.7831],[39.8366,-3.7881],[39.8361,-3.7923],[39.8314,-3.8024],[39.8295,-3.806],[39.8299,-3.8097],[39.8278,-3.8215],[39.8238,-3.8309],[39.8208,-3.836],[39.8151,-3.847],[39.8126,-3.8534],[39.8128,-3.8554],[39.8106,-3.859],[39.8079,-3.8653],[39.8025,-3.8741],[39.7957,-3.8883],[39.7935,-3.8917],[39.7892,-3.8993],[39.786,-3.9053],[39.785,-3.9084],[39.7839,-3.9143],[39.7807,-3.9208],[39.7796,-3.9238],[39.7792,-3.9269],[39.777,-3.9336],[39.7756,-3.9367],[39.77,-3.9441],[39.765,-3.9499],[39.7629,-3.9509],[39.7583,-3.9503],[39.7515,-3.9538],[39.7502,-3.9553],[39.7456,-3.9547],[39.7439,-3.9534],[39.7412,-3.9526],[39.7405,-3.9504],[39.7379,-3.9499],[39.7371,-3.9481],[39.7346,-3.9475],[39.7311,-3.9511],[39.7292,-3.9515],[39.7223,-3.9509],[39.7155,-3.9496],[39.7134,-3.9488],[39.7114,-3.9454],[39.71,-3.9448],[39.7081,-3.9424],[39.7091,-3.9386],[39.7088,-3.9348],[39.7064,-3.9309],[39.7052,-3.9344],[39.7038,-3.934],[39.7031,-3.9311],[39.7031,-3.9278],[39.7017,-3.9243],[39.6999,-3.9248],[39.7005,-3.9221],[39.7024,-3.9208],[39.7038,-3.9211],[39.7038,-3.918],[39.7056,-3.9155],[39.7095,-3.9124],[39.7117,-3.9086],[39.7123,-3.9062],[39.715,-3.9039],[39.7156,-3.9008],[39.7168,-3.8984],[39.7174,-3.8949],[39.7161,-3.8925],[39.7162,-3.8947],[39.7143,-3.8985],[39.712,-3.8985],[39.7119,-3.8973],[39.7094,-3.8982],[39.7087,-3.8993],[39.7087,-3.9043],[39.7099,-3.906],[39.7099,-3.9091],[39.7086,-3.9097],[39.7065,-3.9087],[39.7052,-3.9097],[39.7018,-3.9095],[39.7004,-3.9118],[39.6985,-3.913],[39.699,-3.915],[39.6977,-3.9165],[39.6945,-3.914],[39.6929,-3.9082],[39.693,-3.9061],[39.6911,-3.9052],[39.6915,-3.9089],[39.6928,-3.9113],[39.6907,-3.9141],[39.6908,-3.9177],[39.6899,-3.9187],[39.6915,-3.9198],[39.6915,-3.9215],[39.6906,-3.9224],[39.6922,-3.9225],[39.6923,-3.9207],[39.6956,-3.92],[39.6996,-3.9207],[39.6996,-3.9223],[39.6978,-3.93],[39.6974,-3.933],[39.6978,-3.9365],[39.7005,-3.9413],[39.7025,-3.9437],[39.7053,-3.9445],[39.71,-3.9469],[39.7128,-3.9495],[39.7167,-3.9511],[39.7239,-3.9525],[39.7302,-3.9524],[39.7315,-3.9519],[39.7348,-3.9484],[39.7376,-3.951],[39.7398,-3.9514],[39.741,-3.9538],[39.7444,-3.9556],[39.7511,-3.9565],[39.7591,-3.9562],[39.7629,-3.9578],[39.7622,-3.9598],[39.7589,-3.9617],[39.7557,-3.9641],[39.7518,-3.9677],[39.749,-3.9739],[39.7434,-3.9795],[39.735,-3.989],[39.7303,-3.9964],[39.728,-4.0009],[39.727,-4.0042],[39.7256,-4.0064],[39.7262,-4.0117],[39.7293,-4.0156],[39.7313,-4.0158],[39.7287,-4.0192],[39.7257,-4.0198],[39.7236,-4.022],[39.7148,-4.0357],[39.7118,-4.0409],[39.7093,-4.0444],[39.707,-4.0466],[39.7052,-4.0493],[39.7044,-4.0517],[39.7022,-4.055],[39.6991,-4.0579],[39.6962,-4.0595],[39.6926,-4.0605],[39.6887,-4.0606],[39.6876,-4.0596],[39.6849,-4.0592],[39.6827,-4.0537],[39.6807,-4.0523],[39.6801,-4.0469],[39.6805,-4.0419],[39.6799,-4.0402],[39.6738,-4.0402],[39.6736,-4.0389],[39.6761,-4.0367],[39.6766,-4.0346],[39.6763,-4.0313],[39.6753,-4.0285],[39.6735,-4.028],[39.6715,-4.029],[39.6713,-4.0259],[39.6695,-4.023],[39.6699,-4.0216],[39.6742,-4.0203],[39.6743,-4.015],[39.6732,-4.0144],[39.6727,-4.0194],[39.6696,-4.0195],[39.6677,-4.0207],[39.6644,-4.0205],[39.662,-4.0194],[39.6611,-4.0181],[39.663,-4.0152],[39.6622,-4.0131],[39.6612,-4.0144],[39.6603,-4.0126],[39.6614,-4.0106],[39.6655,-4.0099],[39.6688,-4.0078],[39.6711,-4.0052],[39.6713,-3.9999],[39.6677,-3.9966],[39.6679,-3.9946],[39.6689,-3.9949],[39.6698,-3.9926],[39.6698,-3.9894],[39.6716,-3.9895],[39.6721,-3.9869],[39.6687,-3.986],[39.6675,-3.9826],[39.6678,-3.9754],[39.6646,-3.9738],[39.6615,-3.9732],[39.6608,-3.9676],[39.6624,-3.9653],[39.6631,-3.9612],[39.6611,-3.9614],[39.6605,-3.9604],[39.6606,-3.9549],[39.6619,-3.9534],[39.6629,-3.9488],[39.6595,-3.9451],[39.6591,-3.9483],[39.6598,-3.9506],[39.6594,-3.9528],[39.6578,-3.9539],[39.6563,-3.9526],[39.6562,-3.9562],[39.6526,-3.9555],[39.6479,-3.9501],[39.6497,-3.9549],[39.6516,-3.9565],[39.6491,-3.9585],[39.6468,-3.9587],[39.648,-3.9607],[39.6535,-3.9601],[39.6562,-3.9628],[39.6551,-3.9648],[39.6563,-3.9657],[39.6557,-3.9681],[39.6546,-3.9688],[39.6557,-3.9753],[39.6586,-3.9826],[39.6604,-3.9851],[39.6622,-3.9896],[39.6605,-3.9911],[39.6607,-3.9936],[39.6595,-3.9938],[39.6576,-3.9906],[39.6518,-3.9885],[39.6483,-3.9866],[39.6475,-3.9826],[39.648,-3.9801],[39.6468,-3.978],[39.6449,-3.977],[39.6417,-3.9771],[39.6377,-3.9751],[39.6377,-3.978],[39.636,-3.9785],[39.6334,-3.9809],[39.6307,-3.9824],[39.6272,-3.9819],[39.6254,-3.9802],[39.6209,-3.9773],[39.6168,-3.9764],[39.6156,-3.9745],[39.6142,-3.9679],[39.6152,-3.9677],[39.6178,-3.9627],[39.6198,-3.9596],[39.6167,-3.9593],[39.6155,-3.9609],[39.6136,-3.9598],[39.6116,-3.9614],[39.6119,-3.9622],[39.6155,-3.9622],[39.6141,-3.9639],[39.6121,-3.9641],[39.6098,-3.9614],[39.6083,-3.9616],[39.6082,-3.9632],[39.6069,-3.9633],[39.6061,-3.9616],[39.6086,-3.9576],[39.609,-3.9584],[39.6079,-3.9555],[39.6066,-3.9542],[39.6047,-3.9573],[39.6047,-3.9606],[39.6036,-3.9656],[39.6052,-3.9659],[39.6074,-3.9642],[39.6082,-3.9662],[39.6066,-3.9686],[39.6083,-3.9733],[39.6078,-3.9769],[39.6062,-3.977],[39.6015,-3.9798],[39.6012,-3.982],[39.5989,-3.9831],[39.5976,-3.9852],[39.5981,-3.9862],[39.6038,-3.9847],[39.6074,-3.9812],[39.6104,-3.9817],[39.6126,-3.9814],[39.6135,-3.9837],[39.6153,-3.9843],[39.6156,-3.9858],[39.6127,-3.9863],[39.6124,-3.9881],[39.6141,-3.9875],[39.6166,-3.9905],[39.6176,-3.9879],[39.6193,-3.9881],[39.6204,-3.9902],[39.6232,-3.9898],[39.6246,-3.9907],[39.6244,-3.9938],[39.6229,-3.9963],[39.6245,-3.996],[39.627,-3.9929],[39.6278,-3.9893],[39.6288,-3.9881],[39.6327,-3.9896],[39.6337,-3.9885],[39.6357,-3.99],[39.6351,-3.9929],[39.6356,-3.9984],[39.6352,-4.0056],[39.6363,-4.0078],[39.6364,-4.0109],[39.6387,-4.0112],[39.6402,-4.0129],[39.6401,-4.0173],[39.6405,-4.025],[39.6431,-4.0266],[39.6478,-4.0267],[39.6512,-4.0295],[39.6544,-4.0305],[39.6565,-4.0286],[39.661,-4.0272],[39.6645,-4.0274],[39.666,-4.0282],[39.6693,-4.0321],[39.6742,-4.0327],[39.6738,-4.0354],[39.671,-4.0369],[39.6687,-4.0364],[39.6698,-4.0404],[39.6712,-4.0427],[39.6747,-4.043],[39.676,-4.044],[39.6762,-4.0456],[39.6744,-4.0512],[39.6759,-4.0536],[39.6789,-4.0563],[39.6819,-4.0678],[39.6792,-4.0702],[39.6758,-4.0706],[39.6735,-4.0726],[39.6721,-4.0754],[39.671,-4.0761],[39.6665,-4.0762],[39.665,-4.0753],[39.6617,-4.0709],[39.663,-4.0693],[39.6626,-4.0668],[39.6611,-4.0663],[39.6613,-4.0682],[39.6597,-4.0688],[39.6564,-4.0661],[39.6573,-4.0644],[39.6567,-4.0634],[39.6549,-4.0644],[39.6534,-4.0617],[39.6501,-4.0585],[39.6473,-4.0571],[39.6467,-4.0521],[39.6449,-4.0464],[39.6423,-4.0417],[39.64,-4.0396],[39.6419,-4.0352],[39.6459,-4.0363],[39.6485,-4.0356],[39.6504,-4.0338],[39.649,-4.031],[39.6431,-4.0306],[39.6375,-4.0292],[39.6349,-4.034],[39.6363,-4.0356],[39.6386,-4.0367],[39.6392,-4.0389],[39.635,-4.0394],[39.6317,-4.039],[39.6282,-4.0396],[39.6222,-4.042],[39.6172,-4.0397],[39.6151,-4.0393],[39.6111,-4.0397],[39.6095,-4.0404],[39.6034,-4.0411],[39.5925,-4.0407],[39.5886,-4.0414],[39.5856,-4.0414],[39.5842,-4.0401],[39.586,-4.0307],[39.5878,-4.0272],[39.5887,-4.0232],[39.5847,-4.0241],[39.5816,-4.0235],[39.5752,-4.0233],[39.5733,-4.0221],[39.5724,-4.0193],[39.5679,-4.0179],[39.5666,-4.0138],[39.5669,-4.0115],[39.5684,-4.0089],[39.5673,-4.0083],[39.5647,-4.0105],[39.5611,-4.0092],[39.5609,-4.0125],[39.5572,-4.015],[39.5541,-4.0156],[39.5536,-4.0185],[39.552,-4.0202],[39.5496,-4.0208],[39.5477,-4.0247],[39.5489,-4.0293],[39.5477,-4.0298],[39.5451,-4.0274],[39.5464,-4.026],[39.5469,-4.023],[39.5463,-4.0222],[39.544,-4.0228],[39.5386,-4.0166],[39.5359,-4.0158],[39.5325,-4.0189],[39.5329,-4.0209],[39.5353,-4.0235],[39.5373,-4.0248],[39.5344,-4.0267],[39.5343,-4.0299],[39.5355,-4.031],[39.5359,-4.0347],[39.5394,-4.0359],[39.5452,-4.0356],[39.547,-4.0358],[39.5476,-4.0388],[39.5471,-4.0397],[39.5403,-4.0398],[39.54,-4.0419],[39.5363,-4.0423],[39.5351,-4.0441],[39.5358,-4.0468],[39.5376,-4.0456],[39.5413,-4.0451],[39.5435,-4.0471],[39.5468,-4.0477],[39.5473,-4.0456],[39.549,-4.0458],[39.5482,-4.0484],[39.5498,-4.0487],[39.5519,-4.0465],[39.5558,-4.0471],[39.5579,-4.0481],[39.5582,-4.0503],[39.5561,-4.0504],[39.5549,-4.0518],[39.5601,-4.0527],[39.5611,-4.0472],[39.5634,-4.0473],[39.5646,-4.0509],[39.5681,-4.0513],[39.5696,-4.0529],[39.5698,-4.0628],[39.5679,-4.0627],[39.5677,-4.0642],[39.5697,-4.0646],[39.5697,-4.0674],[39.5686,-4.0681],[39.5731,-4.0712],[39.5728,-4.0741],[39.5707,-4.0764],[39.5663,-4.0778],[39.5631,-4.0741],[39.5601,-4.0738],[39.5592,-4.0728],[39.5597,-4.0668],[39.5586,-4.0669],[39.5576,-4.0651],[39.555,-4.0665],[39.5554,-4.0687],[39.5535,-4.0697],[39.5501,-4.0693],[39.5476,-4.0707],[39.5428,-4.0706],[39.5379,-4.0734],[39.5316,-4.0736],[39.5325,-4.0761],[39.5347,-4.0785],[39.5387,-4.0805],[39.5409,-4.0801],[39.5427,-4.0814],[39.5449,-4.0816],[39.5463,-4.0793],[39.5497,-4.0775],[39.5517,-4.0786],[39.5534,-4.082],[39.5568,-4.0824],[39.559,-4.0794],[39.5623,-4.0815],[39.5635,-4.0842],[39.5651,-4.0849],[39.5662,-4.0877],[39.5701,-4.0862],[39.5719,-4.087],[39.5753,-4.0874],[39.5749,-4.0893],[39.5766,-4.0908],[39.5755,-4.093],[39.5775,-4.0965],[39.5793,-4.0954],[39.5811,-4.0975],[39.5841,-4.1023],[39.5823,-4.1056],[39.5774,-4.1087],[39.5771,-4.1109],[39.5731,-4.1125],[39.5724,-4.114],[39.5755,-4.1172],[39.5808,-4.1176],[39.5835,-4.1154],[39.5859,-4.118],[39.5869,-4.1172],[39.5863,-4.113],[39.5911,-4.1073],[39.5935,-4.1058],[39.5936,-4.1043],[39.5903,-4.0998],[39.5891,-4.0971],[39.5883,-4.0916],[39.5849,-4.0894],[39.5849,-4.0878],[39.5864,-4.0835],[39.5895,-4.0833],[39.5891,-4.078],[39.5872,-4.0745],[39.5915,-4.073],[39.5933,-4.0657],[39.5935,-4.0618],[39.6005,-4.062],[39.603,-4.0617],[39.6035,-4.0646],[39.6054,-4.0647],[39.6075,-4.0615],[39.6101,-4.0617],[39.6089,-4.0645],[39.6126,-4.0652],[39.6157,-4.0645],[39.6173,-4.0625],[39.6192,-4.0629],[39.6212,-4.0649],[39.6209,-4.0678],[39.6231,-4.068],[39.6233,-4.0658],[39.6219,-4.0624],[39.6183,-4.0581],[39.6223,-4.0578],[39.6276,-4.061],[39.6287,-4.0612],[39.6356,-4.0573],[39.6375,-4.0552],[39.6375,-4.0532],[39.6361,-4.0516],[39.6365,-4.0491],[39.6385,-4.0494],[39.6387,-4.0534],[39.6413,-4.0586],[39.6418,-4.0612],[39.6416,-4.0653],[39.6428,-4.0679],[39.645,-4.0704],[39.6484,-4.0728],[39.6485,-4.0743],[39.6465,-4.0752],[39.6465,-4.0788],[39.6474,-4.0786],[39.6495,-4.0757],[39.6505,-4.0725],[39.653,-4.0714],[39.6553,-4.0739],[39.6607,-4.0785],[39.6646,-4.0794],[39.6728,-4.0794],[39.6743,-4.0804],[39.6745,-4.0821],[39.6735,-4.0837],[39.6737,-4.0879],[39.6732,-4.0913],[39.6713,-4.0965],[39.6686,-4.1004],[39.6666,-4.1046],[39.6626,-4.1105],[39.6623,-4.1122],[39.6592,-4.1182],[39.6568,-4.122],[39.654,-4.1281],[39.6514,-4.1359],[39.6496,-4.1402],[39.6473,-4.1429],[39.6422,-4.1523],[39.64,-4.1556],[39.6329,-4.1695],[39.6302,-4.1765],[39.6277,-4.1805],[39.6241,-4.1849],[39.6214,-4.1873],[39.6209,-4.1886],[39.6163,-4.1962],[39.6146,-4.1987],[39.613,-4.2037],[39.6107,-4.2125],[39.6101,-4.217],[39.608,-4.2201],[39.6076,-4.2251],[39.6052,-4.2319],[39.6032,-4.2351],[39.6012,-4.2436],[39.6008,-4.2487],[39.5981,-4.2544],[39.5912,-4.2529],[39.5857,-4.2536],[39.5838,-4.2552],[39.585,-4.2565],[39.5913,-4.257],[39.593,-4.2559],[39.5961,-4.2557],[39.5977,-4.2573],[39.5983,-4.2592],[39.5981,-4.2636],[39.5974,-4.2695],[39.5961,-4.273],[39.5947,-4.2749],[39.5923,-4.2801],[39.5886,-4.2887],[39.5851,-4.295],[39.5822,-4.303],[39.5789,-4.3087],[39.5786,-4.3109],[39.5733,-4.3222],[39.5693,-4.3318],[39.5691,-4.335],[39.5675,-4.3373],[39.565,-4.3442],[39.5638,-4.3489],[39.5609,-4.3582],[39.5547,-4.3723],[39.5537,-4.3758],[39.5503,-4.3839],[39.5483,-4.39],[39.5473,-4.3946],[39.5474,-4.3979],[39.5454,-4.4028],[39.5442,-4.4132],[39.543,-4.4157],[39.5431,-4.4238],[39.5424,-4.4267],[39.5411,-4.4286],[39.5389,-4.4349],[39.5375,-4.436],[39.5343,-4.4351],[39.5335,-4.4339],[39.534,-4.4304],[39.5366,-4.4247],[39.5366,-4.4203],[39.536,-4.4145],[39.5341,-4.412],[39.5352,-4.4101],[39.5329,-4.4054],[39.531,-4.4038],[39.5265,-4.4019],[39.5253,-4.4043],[39.5233,-4.4044],[39.5216,-4.402],[39.5208,-4.3986],[39.52,-4.3988],[39.5188,-4.4017],[39.5151,-4.3989],[39.5122,-4.3979],[39.508,-4.3983],[39.5075,-4.4023],[39.5065,-4.4035],[39.507,-4.4079],[39.5087,-4.4098],[39.5084,-4.4121],[39.5067,-4.4154],[39.5063,-4.419],[39.5084,-4.4193],[39.5104,-4.4158],[39.5111,-4.4159],[39.5123,-4.4197],[39.5121,-4.4228],[39.5099,-4.4318],[39.5084,-4.4359],[39.5033,-4.4402],[39.5011,-4.4408],[39.4972,-4.4387],[39.4959,-4.4366],[39.4918,-4.4383],[39.4897,-4.4384],[39.4897,-4.4405],[39.4952,-4.4393],[39.4989,-4.4426],[39.4998,-4.4447],[39.4969,-4.4488],[39.4969,-4.4525],[39.4983,-4.4579],[39.4979,-4.4639],[39.4966,-4.4668],[39.4935,-4.4694],[39.4901,-4.4709],[39.4832,-4.4771],[39.478,-4.4848],[39.4738,-4.4946],[39.4728,-4.4976],[39.4712,-4.4999],[39.4702,-4.5039],[39.4699,-4.5076],[39.4664,-4.5147],[39.4632,-4.5293],[39.4604,-4.5292],[39.46,-4.5262],[39.4611,-4.5246],[39.4609,-4.5214],[39.4587,-4.5174],[39.4551,-4.5142],[39.4532,-4.5138],[39.4499,-4.5095],[39.4483,-4.508],[39.4448,-4.5025],[39.4435,-4.5034],[39.4445,-4.508],[39.4438,-4.5098],[39.4412,-4.511],[39.4401,-4.5151],[39.4388,-4.516],[39.4352,-4.5128],[39.4313,-4.5107],[39.4278,-4.5106],[39.4257,-4.5121],[39.4251,-4.5139],[39.4253,-4.5173],[39.4266,-4.5209],[39.4266,-4.5257],[39.4274,-4.5324],[39.4259,-4.5338],[39.4217,-4.5326],[39.4201,-4.5316],[39.4166,-4.5314],[39.414,-4.5334],[39.4127,-4.5377],[39.4121,-4.5419],[39.4122,-4.5452],[39.4113,-4.5457],[39.4085,-4.5433],[39.4072,-4.5433],[39.4055,-4.5457],[39.4017,-4.5473],[39.398,-4.5479],[39.3958,-4.5491],[39.3949,-4.5506],[39.3928,-4.5514],[39.3916,-4.5505],[39.3911,-4.5452],[39.3896,-4.5437],[39.3854,-4.5445],[39.3822,-4.5445],[39.38,-4.5423],[39.3797,-4.5391],[39.3784,-4.5384],[39.3764,-4.54],[39.3761,-4.5423],[39.3763,-4.5477],[39.3782,-4.5509],[39.3756,-4.5538],[39.3771,-4.5549],[39.3804,-4.555],[39.3842,-4.558],[39.3839,-4.5611],[39.3866,-4.5618],[39.3866,-4.5657],[39.3891,-4.5704],[39.3897,-4.5764],[39.3889,-4.5802],[39.3874,-4.5815],[39.3884,-4.5876],[39.3905,-4.5883],[39.3935,-4.5795],[39.395,-4.5809],[39.3952,-4.5849],[39.3944,-4.5889],[39.3919,-4.5899],[39.3915,-4.5937],[39.3903,-4.5939],[39.3918,-4.5962],[39.3918,-4.6004],[39.3932,-4.6071],[39.3961,-4.6122],[39.3974,-4.6159],[39.3976,-4.6224],[39.402,-4.629],[39.4032,-4.6317],[39.4045,-4.6366],[39.4047,-4.6412],[39.4024,-4.6438],[39.3984,-4.6453],[39.3942,-4.646],[39.3819,-4.6454],[39.3752,-4.6436],[39.3719,-4.6419],[39.3682,-4.6411],[39.362,-4.6388],[39.359,-4.6372],[39.3536,-4.6361],[39.3504,-4.636],[39.3479,-4.6351],[39.343,-4.6355],[39.3287,-4.6414],[39.3282,-4.639],[39.3252,-4.6389],[39.3233,-4.6375],[39.3204,-4.6325],[39.3174,-4.6312],[39.3158,-4.633],[39.3134,-4.6339],[39.3105,-4.6314],[39.3093,-4.6289],[39.3093,-4.624],[39.314,-4.6142],[39.3179,-4.6144],[39.3196,-4.6175],[39.3218,-4.6156],[39.3227,-4.6113],[39.3241,-4.611],[39.3249,-4.6127],[39.326,-4.6126],[39.3261,-4.6095],[39.3212,-4.6072],[39.3184,-4.6069],[39.3193,-4.6039],[39.3186,-4.6029],[39.3169,-4.6036],[39.3126,-4.6069],[39.3087,-4.6075],[39.3088,-4.6056],[39.3158,-4.5991],[39.3179,-4.5978],[39.3207,-4.5953],[39.3206,-4.594],[39.3186,-4.5928],[39.3174,-4.5907],[39.3181,-4.5877],[39.3181,-4.5811],[39.3197,-4.5789],[39.3202,-4.5752],[39.3232,-4.5697],[39.3257,-4.5679],[39.3285,-4.5673],[39.3308,-4.5648],[39.333,-4.5674],[39.3364,-4.5668],[39.3363,-4.5627],[39.3354,-4.5603],[39.3335,-4.5585],[39.3287,-4.5571],[39.3245,-4.5596],[39.3211,-4.558],[39.3199,-4.5562],[39.3181,-4.5564],[39.3158,-4.5545],[39.3145,-4.5514],[39.3137,-4.5513],[39.3156,-4.5579],[39.3181,-4.5595],[39.319,-4.5621],[39.3164,-4.565],[39.3121,-4.5641],[39.3049,-4.5666],[39.3019,-4.5667],[39.2991,-4.566],[39.2962,-4.5642],[39.2918,-4.5687],[39.2883,-4.571],[39.2845,-4.5746],[39.2808,-4.5832],[39.2786,-4.5823],[39.278,-4.58],[39.2769,-4.5797],[39.2751,-4.5834],[39.2734,-4.5837],[39.2737,-4.5807],[39.2725,-4.5781],[39.2674,-4.578],[39.2637,-4.5795],[39.2536,-4.575],[39.2515,-4.5725],[39.2452,-4.5671],[39.242,-4.5688],[39.2425,-4.5751],[39.2433,-4.5768],[39.2451,-4.5772],[39.246,-4.5819],[39.2501,-4.5824],[39.2529,-4.5855],[39.2535,-4.5873],[39.2525,-4.5901],[39.253,-4.5918],[39.2568,-4.5915],[39.263,-4.5953],[39.2677,-4.5994],[39.2667,-4.5999],[39.2612,-4.5988],[39.2594,-4.5977],[39.2577,-4.5981],[39.2573,-4.6014],[39.2564,-4.6026],[39.2544,-4.602],[39.2542,-4.6046],[39.2553,-4.606],[39.2549,-4.6078],[39.2512,-4.61],[39.2497,-4.6092],[39.2484,-4.6066],[39.2488,-4.6033],[39.248,-4.5998],[39.245,-4.6016],[39.244,-4.6053],[39.2414,-4.6072],[39.241,-4.6099],[39.2376,-4.6125],[39.2382,-4.6144],[39.2375,-4.6161],[39.2361,-4.6163],[39.2351,-4.6123],[39.2315,-4.6125],[39.2273,-4.6157],[39.2262,-4.6172],[39.2303,-4.6205],[39.23,-4.6214],[39.227,-4.6221],[39.2268,-4.6244],[39.2252,-4.627],[39.2229,-4.6286],[39.2224,-4.6306],[39.2229,-4.6333],[39.2219,-4.6343],[39.2176,-4.6339],[39.2149,-4.6355],[39.2145,-4.637],[39.2151,-4.6417],[39.2142,-4.6442],[39.2109,-4.647],[39.2108,-4.6501],[39.2117,-4.6517],[39.2142,-4.6525],[39.2154,-4.6512],[39.2196,-4.6505],[39.2206,-4.651],[39.2211,-4.6537],[39.2195,-4.6585],[39.2196,-4.6597],[39.2171,-4.6628],[39.2166,-4.6655],[39.2167,-4.669],[39.2192,-4.6704],[39.2204,-4.6677],[39.2223,-4.6662],[39.2245,-4.6669],[39.2207,-4.6711],[39.2195,-4.6762],[39.2179,-4.6776],[39.2159,-4.677],[39.2129,-4.6751],[39.2114,-4.6748],[39.2051,-4.6762],[39.2051,-4.6737],[39.2034,-4.6718],[39.2018,-4.6667],[39.1995,-4.6655],[39.1928,-4.6679],[39.1918,-4.6645],[39.1911,-4.6598],[39.189,-4.6577],[39.1759,-4.6481],[39.1673,-4.6413],[39.153,-4.6324],[39.1403,-4.6231],[39.1296,-4.616],[39.1246,-4.6128],[39.0979,-4.5937],[39.0798,-4.581],[39.0682,-4.5732],[39.0471,-4.5582],[39.0426,-4.5553],[39.0219,-4.5406],[39.0103,-4.5329],[39.0004,-4.5255],[38.605,-4.2491],[38.6026,-4.2476],[38.5813,-4.2325],[38.5614,-4.2186],[38.5563,-4.215],[38.5305,-4.1969],[38.5103,-4.183],[38.4728,-4.157],[38.4457,-4.1379],[38.4361,-4.1315],[38.4175,-4.1182],[38.4135,-4.1157],[38.3953,-4.1029],[38.3623,-4.0797],[38.3507,-4.0714],[38.3071,-4.0409],[38.2772,-4.0198],[38.016,-3.8365],[37.9906,-3.8185],[37.9455,-3.7869],[37.9237,-3.772],[37.8968,-3.753],[37.8836,-3.7436],[37.846,-3.7172],[37.785,-3.6744],[37.7781,-3.6575],[37.7723,-3.6425],[37.7728,-3.6407],[37.7757,-3.6423],[37.7759,-3.644],[37.7781,-3.6454],[37.7819,-3.6464],[37.7824,-3.6455],[37.7844,-3.6463],[37.7834,-3.6439],[37.783,-3.6392],[37.7836,-3.6339],[37.7823,-3.6288],[37.7803,-3.6242],[37.78,-3.6215],[37.777,-3.6149],[37.775,-3.612],[37.7756,-3.6102],[37.7751,-3.6044],[37.7728,-3.5963],[37.7727,-3.5905],[37.7713,-3.5898],[37.7698,-3.5871],[37.7689,-3.58],[37.7677,-3.5783],[37.7674,-3.576],[37.766,-3.5717],[37.7638,-3.5691],[37.7625,-3.5708],[37.7641,-3.5737],[37.7636,-3.5799],[37.7639,-3.5826],[37.7625,-3.5847],[37.7616,-3.5882],[37.7593,-3.59],[37.7588,-3.5894],[37.7601,-3.587],[37.7597,-3.5844],[37.7602,-3.5805],[37.7596,-3.5786],[37.7598,-3.5749],[37.759,-3.5705],[37.7577,-3.5692],[37.7558,-3.5692],[37.754,-3.5723],[37.7521,-3.5724],[37.7491,-3.566],[37.7482,-3.5633],[37.7476,-3.5542],[37.7461,-3.5474],[37.7436,-3.5421],[37.742,-3.5412],[37.7272,-3.5378],[37.7234,-3.5325],[37.7214,-3.5303],[37.7179,-3.5287],[37.715,-3.5288],[37.7125,-3.5279],[37.7101,-3.5285],[37.7066,-3.5272],[37.7017,-3.5269],[37.7001,-3.5275],[37.6957,-3.5263],[37.6943,-3.5245],[37.6929,-3.5243],[37.6906,-3.5218],[37.6897,-3.5198],[37.688,-3.5187],[37.6869,-3.5148],[37.6834,-3.5114],[37.6814,-3.5126],[37.6765,-3.5099],[37.6766,-3.5082],[37.675,-3.5074],[37.6746,-3.5045],[37.6732,-3.5032],[37.669,-3.5032],[37.6669,-3.5042],[37.6655,-3.503],[37.6631,-3.5032],[37.6599,-3.5046],[37.656,-3.5071],[37.6541,-3.5102],[37.651,-3.5119],[37.6484,-3.5123],[37.6452,-3.5148],[37.6434,-3.5169],[37.6374,-3.5168],[37.6358,-3.5177],[37.6324,-3.5181],[37.6306,-3.5203],[37.6282,-3.5213],[37.6223,-3.5215],[37.6211,-3.5234],[37.6185,-3.524],[37.6111,-3.5227],[37.6103,-3.5217],[37.6064,-3.521],[37.6061,-3.5199],[37.6031,-3.5174],[37.6033,-3.5155],[37.6051,-3.5105],[37.6071,-3.5076],[37.6059,-3.504],[37.6088,-3.5016],[37.6108,-3.5008],[37.6123,-3.4985],[37.6119,-3.4952],[37.6135,-3.4944],[37.6148,-3.4952],[37.617,-3.4939],[37.6171,-3.4913],[37.6181,-3.4905],[37.6193,-3.4875],[37.6209,-3.4863],[37.6233,-3.4863],[37.6252,-3.4847],[37.6254,-3.4805],[37.6243,-3.4788],[37.624,-3.4656],[37.6194,-3.4635],[37.6171,-3.4591],[37.614,-3.4604],[37.6105,-3.4602],[37.6082,-3.4618],[37.6048,-3.459],[37.6018,-3.4577],[37.5979,-3.4579],[37.5953,-3.4568],[37.5925,-3.4589],[37.5864,-3.46],[37.5844,-3.4596],[37.5844,-3.4381],[37.6181,-3.4003],[37.6286,-3.3901],[37.6632,-3.3561],[37.6801,-3.3541],[37.6845,-3.3485],[37.6845,-3.3363],[37.685,-3.3207],[37.6883,-3.3192],[37.6888,-3.3214],[37.6905,-3.3238],[37.6924,-3.3246],[37.6943,-3.3239],[37.7006,-3.3245],[37.7019,-3.3236],[37.7024,-3.3213],[37.7044,-3.3193],[37.7085,-3.3172],[37.7104,-3.3155],[37.7115,-3.3113],[37.7113,-3.309],[37.7061,-3.2754],[37.7008,-3.2385],[37.6949,-3.1993],[37.6932,-3.1889],[37.6908,-3.1751],[37.6892,-3.165],[37.6855,-3.1426],[37.6841,-3.133],[37.68,-3.1083],[37.6782,-3.0987],[37.6773,-3.0917],[37.6756,-3.0821],[37.673,-3.065],[37.6719,-3.0587],[37.6609,-3.0514],[37.6395,-3.0366],[37.6266,-3.028],[37.5996,-3.0096],[37.5861,-3.0008],[37.5798,-2.9964],[37.5672,-2.9885],[37.5532,-2.9793],[37.544,-2.9731],[37.5334,-2.9662],[37.5232,-2.9599],[37.5038,-2.9483],[37.4957,-2.9441],[37.4936,-2.9426],[37.462,-2.925],[37.4553,-2.9214],[37.4436,-2.9148],[37.4343,-2.9098],[37.4256,-2.9049],[37.4077,-2.895],[37.3787,-2.8787],[37.3579,-2.8673],[37.298,-2.8336],[37.2816,-2.8246],[37.2603,-2.8126],[37.2453,-2.8038],[37.2207,-2.79],[37.2018,-2.7792],[37.1784,-2.7662],[37.1389,-2.7442],[37.1077,-2.7265],[37.0926,-2.718],[37.0652,-2.7024],[37.0358,-2.6858],[37.0132,-2.6729],[37.0026,-2.667],[36.9971,-2.6644],[36.9628,-2.6451],[36.9475,-2.6365],[36.8929,-2.6057],[36.8802,-2.5986],[36.8531,-2.5833],[36.8421,-2.5769],[36.8342,-2.5727],[36.8267,-2.5684],[36.8135,-2.5611],[36.7814,-2.5428],[36.7725,-2.5379],[36.7502,-2.5252],[36.702,-2.5011],[36.683,-2.4904],[36.6449,-2.4688],[36.6306,-2.4606],[36.5971,-2.4417],[36.5867,-2.4356],[36.5135,-2.394],[36.5007,-2.3867],[36.4898,-2.3802],[36.4687,-2.3683],[36.4631,-2.3653],[36.4412,-2.3529],[36.4357,-2.35],[36.4209,-2.3416],[36.3672,-2.3113],[36.3442,-2.2984],[36.3099,-2.279],[36.2659,-2.2543],[36.2221,-2.2295],[36.1959,-2.2149],[36.1826,-2.2077],[36.1584,-2.1942],[36.1316,-2.1788],[36.1189,-2.1717],[36.0805,-2.1499],[36.0679,-2.1428],[36.0307,-2.1218],[36.0188,-2.1152],[36.0001,-2.1046],[35.8065,-1.994],[35.7942,-1.9872],[35.7537,-1.9642]]],[[[39.4078,-4.7053],[39.4046,-4.7052],[39.4034,-4.7042],[39.4048,-4.7024],[39.409,-4.7005],[39.4103,-4.7015],[39.4093,-4.7045],[39.4078,-4.7053]]],[[[39.4072,-4.6842],[39.4032,-4.6891],[39.4001,-4.69],[39.3976,-4.6896],[39.3951,-4.6871],[39.3962,-4.6861],[39.4006,-4.6861],[39.404,-4.6849],[39.4047,-4.6838],[39.4072,-4.6842]]],[[[39.4044,-4.6709],[39.4025,-4.6736],[39.4012,-4.6736],[39.3978,-4.6704],[39.394,-4.6689],[39.3715,-4.6707],[39.3647,-4.6702],[39.3572,-4.6702],[39.3532,-4.6693],[39.3508,-4.665],[39.3512,-4.6634],[39.3538,-4.6626],[39.3571,-4.6603],[39.3577,-4.6581],[39.3576,-4.654],[39.359,-4.6532],[39.3632,-4.6548],[39.3652,-4.6569],[39.3673,-4.6581],[39.3801,-4.6589],[39.3893,-4.6613],[39.396,-4.6615],[39.3971,-4.6578],[39.3989,-4.6574],[39.4029,-4.6618],[39.4041,-4.6654],[39.4044,-4.6709]]],[[[39.2731,-4.6666],[39.2687,-4.6595],[39.2676,-4.6555],[39.2699,-4.6526],[39.2732,-4.6538],[39.2815,-4.6607],[39.2853,-4.6625],[39.2886,-4.6627],[39.2925,-4.6616],[39.293,-4.6639],[39.2881,-4.6693],[39.285,-4.6708],[39.2789,-4.6705],[39.2755,-4.6695],[39.2731,-4.6666]]],[[[39.4534,-4.5807],[39.4516,-4.5843],[39.4492,-4.5851],[39.4466,-4.5851],[39.4451,-4.5862],[39.4422,-4.5911],[39.4381,-4.5903],[39.437,-4.5886],[39.4363,-4.5824],[39.4362,-4.5775],[39.4352,-4.5713],[39.4335,-4.5667],[39.4315,-4.5633],[39.4283,-4.5605],[39.427,-4.5585],[39.4271,-4.5568],[39.4316,-4.5516],[39.4341,-4.55],[39.4381,-4.5511],[39.4396,-4.5508],[39.4397,-4.5494],[39.4384,-4.5473],[39.439,-4.5455],[39.4416,-4.5437],[39.4467,-4.5375],[39.453,-4.532],[39.458,-4.5318],[39.4601,-4.5336],[39.4607,-4.5355],[39.4616,-4.5442],[39.4616,-4.5487],[39.4611,-4.5523],[39.4591,-4.5564],[39.4567,-4.5592],[39.4549,-4.5638],[39.4546,-4.5674],[39.4548,-4.5729],[39.4546,-4.5764],[39.4534,-4.5807]]],[[[39.5365,-4.4463],[39.5341,-4.4489],[39.5317,-4.4484],[39.5311,-4.4466],[39.5324,-4.4458],[39.5331,-4.4424],[39.5349,-4.4409],[39.5377,-4.4414],[39.539,-4.4426],[39.5365,-4.4463]]],[[[40.9075,-2.2782],[40.912,-2.2836],[40.9142,-2.2869],[40.9151,-2.2898],[40.9151,-2.2931],[40.9127,-2.2962],[40.909,-2.2964],[40.9047,-2.2954],[40.8965,-2.2944],[40.8818,-2.2943],[40.8707,-2.2977],[40.8643,-2.3001],[40.8517,-2.3067],[40.8466,-2.31],[40.8385,-2.3165],[40.8297,-2.3253],[40.8287,-2.3267],[40.8232,-2.3314],[40.818,-2.3327],[40.8148,-2.3319],[40.8147,-2.3259],[40.8149,-2.3126],[40.8144,-2.3061],[40.8138,-2.3045],[40.8144,-2.3003],[40.8155,-2.2985],[40.8139,-2.2938],[40.8149,-2.292],[40.8174,-2.2909],[40.8179,-2.2866],[40.8201,-2.2809],[40.8214,-2.28],[40.8237,-2.2799],[40.8247,-2.2767],[40.8283,-2.2765],[40.8298,-2.2786],[40.8417,-2.2799],[40.8435,-2.2796],[40.8437,-2.278],[40.8405,-2.2775],[40.8405,-2.2761],[40.8432,-2.2747],[40.8419,-2.273],[40.8386,-2.2724],[40.8364,-2.2698],[40.8347,-2.2652],[40.8386,-2.264],[40.8434,-2.2596],[40.8472,-2.2588],[40.8492,-2.2561],[40.8506,-2.256],[40.8535,-2.2579],[40.8567,-2.259],[40.8584,-2.259],[40.8594,-2.2574],[40.8607,-2.2573],[40.8642,-2.2591],[40.8666,-2.2588],[40.8676,-2.2576],[40.868,-2.2549],[40.8701,-2.2571],[40.8723,-2.2578],[40.8726,-2.2536],[40.8743,-2.2535],[40.8755,-2.2569],[40.8769,-2.2569],[40.878,-2.255],[40.878,-2.2516],[40.8793,-2.2499],[40.8819,-2.25],[40.8834,-2.2487],[40.8841,-2.2501],[40.892,-2.2509],[40.8953,-2.2528],[40.8971,-2.2553],[40.8976,-2.2582],[40.9012,-2.2629],[40.9033,-2.2708],[40.9053,-2.275],[40.9075,-2.2782]]],[[[40.967,-2.2894],[40.9602,-2.2971],[40.9584,-2.2983],[40.9599,-2.3011],[40.9597,-2.3035],[40.9575,-2.305],[40.954,-2.309],[40.9487,-2.3131],[40.9451,-2.3151],[40.9355,-2.3177],[40.9271,-2.3185],[40.9226,-2.3184],[40.9179,-2.3166],[40.9139,-2.3115],[40.9129,-2.3093],[40.9134,-2.3043],[40.9199,-2.2992],[40.9207,-2.2968],[40.9217,-2.2968],[40.9221,-2.3007],[40.925,-2.3006],[40.9267,-2.2994],[40.9267,-2.2978],[40.9245,-2.2986],[40.9237,-2.2979],[40.9253,-2.2942],[40.9285,-2.2942],[40.9305,-2.2923],[40.9351,-2.2924],[40.9377,-2.2916],[40.9397,-2.2924],[40.9427,-2.2947],[40.9452,-2.294],[40.9475,-2.296],[40.9506,-2.2933],[40.952,-2.2934],[40.9522,-2.2954],[40.9567,-2.2967],[40.9586,-2.2927],[40.9607,-2.2906],[40.9626,-2.2863],[40.9633,-2.2817],[40.9657,-2.2783],[40.9653,-2.2765],[40.9639,-2.2761],[40.9598,-2.2815],[40.9558,-2.2862],[40.954,-2.2862],[40.9512,-2.2827],[40.9456,-2.2806],[40.9436,-2.2803],[40.9393,-2.2811],[40.9364,-2.2824],[40.9333,-2.2822],[40.929,-2.2807],[40.9276,-2.2796],[40.9246,-2.275],[40.9234,-2.2739],[40.922,-2.2695],[40.9157,-2.2611],[40.9143,-2.2586],[40.9117,-2.2569],[40.909,-2.2529],[40.9085,-2.2493],[40.9062,-2.2463],[40.9058,-2.241],[40.9036,-2.2386],[40.9031,-2.2314],[40.9021,-2.2293],[40.9026,-2.2254],[40.9033,-2.2239],[40.9125,-2.2252],[40.915,-2.2262],[40.9186,-2.2303],[40.9214,-2.2328],[40.9232,-2.2353],[40.9231,-2.2368],[40.9206,-2.2397],[40.9211,-2.2423],[40.9238,-2.2415],[40.925,-2.239],[40.9251,-2.2366],[40.9265,-2.2349],[40.9277,-2.2352],[40.9283,-2.2397],[40.9308,-2.2387],[40.932,-2.24],[40.9365,-2.24],[40.9334,-2.2448],[40.9329,-2.2472],[40.9316,-2.2495],[40.9319,-2.2538],[40.9305,-2.2564],[40.9308,-2.2577],[40.9331,-2.2581],[40.9383,-2.2607],[40.9396,-2.2605],[40.9415,-2.2581],[40.9416,-2.2568],[40.9358,-2.2554],[40.9352,-2.2534],[40.9369,-2.2511],[40.9409,-2.2489],[40.9431,-2.2442],[40.9451,-2.2415],[40.9507,-2.2409],[40.9507,-2.2369],[40.9517,-2.2363],[40.9553,-2.2384],[40.956,-2.2402],[40.9612,-2.2401],[40.9641,-2.242],[40.9643,-2.2445],[40.9627,-2.2458],[40.9598,-2.2466],[40.9553,-2.2494],[40.9542,-2.2512],[40.9569,-2.2527],[40.9575,-2.256],[40.9591,-2.2576],[40.9618,-2.2585],[40.964,-2.2578],[40.9655,-2.2557],[40.9675,-2.2501],[40.9737,-2.2506],[40.9743,-2.2496],[40.9739,-2.2464],[40.9715,-2.2446],[40.9698,-2.2395],[40.9718,-2.2367],[40.972,-2.2333],[40.97,-2.2301],[40.9661,-2.2267],[40.9668,-2.2238],[40.9666,-2.2205],[40.9685,-2.2203],[40.9724,-2.2227],[40.9751,-2.2259],[40.9755,-2.229],[40.9751,-2.2356],[40.9791,-2.241],[40.9819,-2.2469],[40.9847,-2.2497],[40.9852,-2.2511],[40.9848,-2.2576],[40.987,-2.258],[40.9876,-2.2591],[40.9792,-2.2667],[40.9763,-2.2706],[40.9706,-2.277],[40.9686,-2.2818],[40.967,-2.2894]]],[[[40.9798,-2.1566],[40.9834,-2.1603],[40.9834,-2.1619],[40.979,-2.1612],[40.9759,-2.1618],[40.9731,-2.1586],[40.9715,-2.1577],[40.9715,-2.1559],[40.9729,-2.1563],[40.9798,-2.1566]]],[[[41.0495,-2.1634],[41.0459,-2.1613],[41.042,-2.1579],[41.0414,-2.1556],[41.0417,-2.1523],[41.0435,-2.1525],[41.0462,-2.1494],[41.0501,-2.1501],[41.0529,-2.1498],[41.0551,-2.152],[41.0585,-2.1537],[41.0609,-2.1563],[41.0603,-2.1594],[41.057,-2.1626],[41.0541,-2.1639],[41.0495,-2.1634]]],[[[40.9863,-2.1437],[40.9877,-2.1462],[40.9895,-2.1474],[40.9893,-2.1488],[40.9843,-2.1498],[40.9798,-2.1542],[40.9784,-2.1541],[40.978,-2.1522],[40.979,-2.1496],[40.9797,-2.1446],[40.982,-2.1426],[40.9842,-2.1425],[40.9863,-2.1437]]],[[[41.0262,-2.1419],[41.0258,-2.1442],[41.0234,-2.1442],[41.021,-2.1422],[41.018,-2.1414],[41.0192,-2.1391],[41.0214,-2.138],[41.0252,-2.1403],[41.0262,-2.1419]]],[[[41.1439,-2.1042],[41.1455,-2.1034],[41.1482,-2.1035],[41.1482,-2.1069],[41.1493,-2.1072],[41.1508,-2.1051],[41.1516,-2.1056],[41.1517,-2.1085],[41.1539,-2.1088],[41.1544,-2.1123],[41.152,-2.1146],[41.148,-2.1146],[41.1457,-2.1157],[41.1426,-2.116],[41.1401,-2.1143],[41.1362,-2.114],[41.1308,-2.11],[41.1269,-2.1083],[41.1257,-2.1057],[41.1259,-2.1033],[41.1299,-2.1006],[41.1311,-2.0964],[41.131,-2.0912],[41.1357,-2.0916],[41.1362,-2.0933],[41.1343,-2.0954],[41.1343,-2.0976],[41.1353,-2.0988],[41.1356,-2.1018],[41.1385,-2.1059],[41.1426,-2.1063],[41.1439,-2.1042]]],[[[41.1166,-2.0661],[41.117,-2.0639],[41.1147,-2.0619],[41.1144,-2.0597],[41.1165,-2.0584],[41.1192,-2.0588],[41.1264,-2.0657],[41.1272,-2.0676],[41.1301,-2.0695],[41.1322,-2.07],[41.1335,-2.0722],[41.137,-2.073],[41.1399,-2.0698],[41.1376,-2.0675],[41.1361,-2.0649],[41.1342,-2.0644],[41.1338,-2.0623],[41.1362,-2.0622],[41.1396,-2.0648],[41.1426,-2.0683],[41.1459,-2.0692],[41.1501,-2.0714],[41.1558,-2.0723],[41.1603,-2.0741],[41.1624,-2.0762],[41.1642,-2.0801],[41.1639,-2.0822],[41.1613,-2.0841],[41.1588,-2.0899],[41.1567,-2.0929],[41.1533,-2.0958],[41.1512,-2.0957],[41.1515,-2.0905],[41.15,-2.0906],[41.1468,-2.0945],[41.1449,-2.0961],[41.1418,-2.0968],[41.1381,-2.097],[41.137,-2.0963],[41.1389,-2.0936],[41.139,-2.0896],[41.1384,-2.087],[41.1359,-2.084],[41.132,-2.0835],[41.1293,-2.082],[41.1254,-2.0816],[41.1227,-2.0794],[41.1185,-2.0793],[41.1123,-2.0799],[41.1078,-2.0851],[41.1043,-2.09],[41.1039,-2.0924],[41.1019,-2.0923],[41.0984,-2.096],[41.095,-2.0986],[41.095,-2.0995],[41.0974,-2.103],[41.1033,-2.1049],[41.1057,-2.1064],[41.1061,-2.1081],[41.105,-2.1111],[41.1085,-2.1128],[41.1087,-2.1139],[41.1053,-2.1208],[41.1051,-2.124],[41.1058,-2.1251],[41.1097,-2.1256],[41.1115,-2.1273],[41.113,-2.1303],[41.1119,-2.134],[41.1068,-2.1384],[41.1033,-2.1397],[41.0934,-2.1401],[41.0891,-2.1369],[41.0793,-2.1363],[41.0798,-2.1329],[41.0815,-2.1322],[41.0839,-2.1355],[41.0893,-2.1344],[41.0892,-2.1321],[41.0847,-2.1312],[41.084,-2.1302],[41.0836,-2.1219],[41.0847,-2.1205],[41.0883,-2.1204],[41.0929,-2.1175],[41.0926,-2.1132],[41.0893,-2.1128],[41.0887,-2.1139],[41.0886,-2.117],[41.0862,-2.1182],[41.0826,-2.118],[41.0796,-2.1138],[41.0773,-2.1113],[41.0746,-2.1095],[41.0735,-2.1101],[41.0736,-2.1118],[41.0771,-2.1172],[41.0795,-2.1202],[41.0783,-2.1223],[41.0757,-2.1229],[41.0702,-2.1228],[41.0699,-2.1236],[41.075,-2.1272],[41.0758,-2.1287],[41.0748,-2.1297],[41.0697,-2.1304],[41.0617,-2.1333],[41.0593,-2.1349],[41.0563,-2.1356],[41.0527,-2.1352],[41.0512,-2.134],[41.0479,-2.1326],[41.0494,-2.1302],[41.0523,-2.1319],[41.0532,-2.1312],[41.0536,-2.127],[41.0556,-2.1236],[41.0585,-2.1198],[41.0571,-2.1182],[41.054,-2.1206],[41.0525,-2.1206],[41.0527,-2.1166],[41.0522,-2.1129],[41.0539,-2.11],[41.0544,-2.1063],[41.0562,-2.1042],[41.0561,-2.1011],[41.0547,-2.1016],[41.0525,-2.1085],[41.0497,-2.111],[41.0436,-2.1116],[41.0417,-2.1107],[41.0384,-2.1109],[41.0314,-2.1126],[41.03,-2.114],[41.0284,-2.1176],[41.0254,-2.1212],[41.0163,-2.1248],[41.0097,-2.1248],[41.0085,-2.1258],[41.0081,-2.1292],[41.0119,-2.133],[41.0141,-2.1342],[41.0156,-2.1375],[41.0127,-2.1399],[41.0078,-2.1406],[41.0005,-2.1407],[40.9986,-2.139],[40.9973,-2.1402],[40.9949,-2.1394],[40.9937,-2.1372],[40.9865,-2.133],[40.9857,-2.1307],[40.9867,-2.1285],[40.9868,-2.1248],[40.9849,-2.1232],[40.9843,-2.1192],[40.982,-2.1186],[40.9812,-2.1195],[40.979,-2.1166],[40.9765,-2.1167],[40.976,-2.1185],[40.973,-2.1191],[40.9704,-2.1157],[40.9703,-2.1138],[40.9721,-2.1084],[40.9736,-2.1069],[40.9757,-2.1062],[40.981,-2.1055],[40.9857,-2.1037],[40.9874,-2.1025],[40.9912,-2.1019],[40.9949,-2.1026],[40.996,-2.1015],[40.9957,-2.0994],[40.994,-2.0977],[40.9951,-2.0943],[40.9975,-2.0923],[40.9986,-2.0936],[40.9967,-2.0959],[40.9974,-2.1001],[40.9988,-2.103],[40.9965,-2.1045],[40.9954,-2.1067],[40.9959,-2.1103],[40.9982,-2.1123],[41.0014,-2.1133],[41.0034,-2.1175],[41.0048,-2.1174],[41.0044,-2.1117],[41.0025,-2.1094],[41.0035,-2.1055],[41.0032,-2.102],[41.005,-2.0992],[41.0079,-2.0987],[41.0147,-2.1003],[41.0175,-2.1022],[41.0201,-2.1024],[41.0229,-2.0986],[41.0255,-2.0967],[41.0286,-2.0955],[41.0325,-2.0911],[41.037,-2.0913],[41.0435,-2.0894],[41.0436,-2.0885],[41.041,-2.0866],[41.0411,-2.0853],[41.044,-2.0853],[41.0564,-2.089],[41.059,-2.0906],[41.0597,-2.0923],[41.0596,-2.0951],[41.0581,-2.0971],[41.0605,-2.0977],[41.0644,-2.1005],[41.0676,-2.1002],[41.0676,-2.098],[41.0654,-2.0973],[41.0632,-2.0944],[41.0612,-2.0892],[41.0609,-2.0875],[41.0593,-2.0852],[41.0643,-2.0841],[41.0671,-2.0814],[41.0708,-2.0795],[41.074,-2.0795],[41.077,-2.0767],[41.079,-2.074],[41.0797,-2.0713],[41.0825,-2.0676],[41.0817,-2.0651],[41.0798,-2.0641],[41.0776,-2.0641],[41.078,-2.0624],[41.0796,-2.0621],[41.0828,-2.0575],[41.0823,-2.0544],[41.0847,-2.0522],[41.0863,-2.0542],[41.0909,-2.0544],[41.0954,-2.056],[41.0968,-2.0578],[41.0981,-2.0581],[41.0981,-2.054],[41.1001,-2.0529],[41.106,-2.0545],[41.1097,-2.0586],[41.1124,-2.0629],[41.1166,-2.0661]]],[[[41.1273,-2.0411],[41.128,-2.0398],[41.1309,-2.0405],[41.1327,-2.0395],[41.1359,-2.0393],[41.137,-2.0385],[41.1383,-2.0398],[41.1462,-2.0436],[41.1487,-2.0466],[41.1486,-2.0483],[41.1469,-2.0488],[41.1406,-2.046],[41.1373,-2.0455],[41.1322,-2.0439],[41.1273,-2.0411]]],[[[41.1869,-2.0214],[41.1876,-2.024],[41.1863,-2.0263],[41.1808,-2.0243],[41.1773,-2.0225],[41.1757,-2.0223],[41.1746,-2.0249],[41.1725,-2.0257],[41.1647,-2.0246],[41.1637,-2.0236],[41.1556,-2.0218],[41.1469,-2.0214],[41.1437,-2.0205],[41.1413,-2.0189],[41.1407,-2.0147],[41.1412,-2.0124],[41.1439,-2.0096],[41.1489,-2.0084],[41.1568,-2.0101],[41.1609,-2.0088],[41.1669,-2.0086],[41.1755,-2.0052],[41.1798,-2.0044],[41.1882,-2.0003],[41.1924,-2.0004],[41.1936,-2.0012],[41.1927,-2.006],[41.1935,-2.0078],[41.1928,-2.0099],[41.1893,-2.0103],[41.1901,-2.0134],[41.1878,-2.0151],[41.187,-2.0181],[41.1844,-2.0182],[41.1848,-2.0196],[41.1869,-2.0214]]],[[[41.2042,-2.0125],[41.2016,-2.0095],[41.2045,-2.007],[41.203,-2.0061],[41.2021,-2.0035],[41.2029,-2.0028],[41.2045,-2.0047],[41.2083,-2.005],[41.2109,-2.0089],[41.2121,-2.0082],[41.213,-2.0047],[41.2176,-2.0104],[41.2175,-2.0122],[41.2152,-2.0123],[41.2128,-2.0144],[41.2061,-2.0135],[41.2042,-2.0125]]],[[[41.2667,-2.0143],[41.2628,-2.0215],[41.2597,-2.0245],[41.2572,-2.0282],[41.2569,-2.0298],[41.2548,-2.0284],[41.2533,-2.0288],[41.2509,-2.0309],[41.251,-2.0291],[41.2528,-2.0278],[41.2562,-2.024],[41.2592,-2.0196],[41.2681,-2.0045],[41.27,-2.0039],[41.2729,-2.0002],[41.2729,-1.997],[41.274,-1.9952],[41.2774,-1.994],[41.2828,-1.9892],[41.2844,-1.9848],[41.288,-1.9812],[41.2918,-1.9768],[41.2926,-1.9753],[41.2943,-1.9745],[41.2955,-1.9728],[41.2995,-1.9689],[41.303,-1.9647],[41.3053,-1.9647],[41.3062,-1.968],[41.3042,-1.9693],[41.3035,-1.9719],[41.301,-1.973],[41.2995,-1.9754],[41.2948,-1.9804],[41.2926,-1.9816],[41.2908,-1.9835],[41.2879,-1.9896],[41.2819,-1.996],[41.2761,-2.005],[41.2743,-2.0064],[41.2667,-2.0143]]],[[[41.4218,-1.8516],[41.419,-1.8534],[41.4106,-1.8613],[41.4092,-1.8636],[41.4062,-1.8652],[41.4057,-1.8666],[41.4001,-1.8713],[41.3937,-1.8771],[41.3918,-1.8807],[41.3876,-1.8846],[41.3851,-1.8855],[41.3864,-1.8835],[41.3924,-1.8772],[41.3933,-1.8751],[41.3954,-1.8736],[41.3992,-1.8669],[41.403,-1.8614],[41.4064,-1.8575],[41.4092,-1.8548],[41.411,-1.8509],[41.4184,-1.8464],[41.4196,-1.8452],[41.4213,-1.8452],[41.425,-1.8418],[41.4294,-1.8412],[41.4301,-1.8393],[41.4327,-1.8362],[41.4329,-1.834],[41.4344,-1.8329],[41.4362,-1.8328],[41.4383,-1.8349],[41.4336,-1.8399],[41.4324,-1.8425],[41.4289,-1.8453],[41.428,-1.8441],[41.4269,-1.8455],[41.4249,-1.8462],[41.4232,-1.8499],[41.4218,-1.8516]]]]}}]}